,Date,Capacity,Turnover,Open,High,Low,Close,Change,Trascation
0,2019-01-02,8532073,636107101,75.85,75.9,73.95,74.05,-1.45,4102
1,2019-01-03,13347147,981181870,73.8,74.0,73.25,73.35,-0.7,5208
2,2019-01-04,21292465,1540084560,72.8,72.8,72.0,72.2,-1.15,8826
3,2019-01-07,14605638,1077319115,73.55,74.05,73.25,73.95,1.75,4891
4,2019-01-08,11006700,811364720,74.15,74.15,73.55,73.65,-0.3,2869
5,2019-01-09,11430523,855269355,73.95,75.15,73.95,75.0,1.35,5277
6,2019-01-10,2823283,210937625,74.8,74.9,74.5,74.8,-0.2,1231
7,2019-01-11,10362915,782200792,75.3,75.75,75.15,75.5,0.7,3660
8,2019-01-14,5298405,397504723,75.45,75.45,74.75,75.0,-0.5,2018
9,2019-01-15,11836450,894286699,75.05,75.8,75.05,75.65,0.65,5250
10,2019-01-16,15342503,1159613447,75.65,75.7,75.35,75.55,-0.1,5360
11,2019-01-17,10020739,756877394,75.6,75.9,75.15,75.55,0.0,3137
12,2019-01-18,8293491,629378860,75.75,76.1,75.4,75.95,0.4,5013
13,2019-01-21,10454756,799923534,76.35,76.7,76.25,76.5,0.55,3895
14,2019-01-22,8838931,653814320,74.4,74.4,73.8,74.05,0.0,4742
15,2019-01-23,6407442,472728408,74.0,74.0,73.65,73.7,-0.35,3167
16,2019-01-24,3500506,258832935,73.95,74.15,73.75,74.05,0.35,1363
17,2019-01-25,7320778,548115919,74.6,75.1,74.55,75.0,0.95,3322
18,2019-01-28,3825143,287814225,75.15,75.45,75.05,75.15,0.15,1795
19,2019-01-29,4419790,328663492,74.5,74.55,74.2,74.5,-0.65,2251
20,2019-01-30,5255229,390864071,74.5,74.65,74.2,74.35,-0.15,1833
21,2019-02-11,6614900,497844612,75.35,75.65,74.85,75.15,0.8,3137
22,2019-02-12,6164150,465816739,75.35,75.75,75.35,75.65,0.5,2980
23,2019-02-13,4157700,314193830,75.95,75.95,75.4,75.5,-0.15,1837
24,2019-02-14,3641542,274887735,75.5,75.75,75.25,75.25,-0.25,1593
25,2019-02-15,3516111,264409753,75.3,75.6,74.9,75.05,-0.2,1796
26,2019-02-18,6596163,499575240,75.5,75.9,75.5,75.65,0.6,3143
27,2019-02-19,2862069,216303714,75.7,75.7,75.5,75.5,-0.15,2168
28,2019-02-20,34307853,2619961938,75.9,76.5,75.9,76.35,0.85,9607
29,2019-02-21,18664815,1433791393,76.4,77.1,76.4,77.1,0.75,4467
30,2019-02-22,9881017,758887009,76.95,76.95,76.5,76.95,-0.15,6936
31,2019-02-25,19365354,1501862131,77.35,77.75,77.3,77.5,0.55,4458
32,2019-02-26,15903051,1234156605,77.65,77.8,77.3,77.7,0.2,5707
33,2019-02-27,12907489,1000792293,77.7,77.7,77.35,77.65,-0.05,3460
34,2019-03-04,8469570,652787218,77.55,77.55,76.7,76.95,-0.7,4887
35,2019-03-05,9400493,720525122,76.6,76.9,76.45,76.75,-0.2,2830
36,2019-03-06,19579792,1505450934,76.85,77.05,76.75,76.95,0.2,3193
37,2019-03-07,18239770,1399918017,76.9,77.05,76.6,76.65,-0.3,1946
38,2019-03-08,9975200,758523703,76.2,76.35,75.8,76.0,-0.65,2853
39,2019-03-11,4642390,352680831,75.85,76.15,75.7,76.15,0.15,2280
40,2019-03-12,13857468,1070170012,76.85,77.45,76.8,77.25,1.1,3796
41,2019-03-13,10148529,781685019,77.05,77.2,76.8,77.1,-0.15,1763
42,2019-03-14,5208756,402155617,77.3,77.4,76.95,77.05,-0.05,1343
43,2019-03-15,11483751,890275774,77.35,77.7,77.15,77.6,0.55,3164
44,2019-03-18,12218708,952368177,77.75,78.1,77.65,78.1,0.5,4228
45,2019-03-19,8604296,672547372,78.1,78.4,77.85,78.4,0.3,2634
46,2019-03-20,11856027,929902949,78.35,78.55,78.2,78.5,0.1,4868
47,2019-03-21,11341213,894798086,78.8,79.15,78.65,79.15,0.65,3766
48,2019-03-22,6930357,550253696,79.5,79.7,79.05,79.35,0.2,2993
49,2019-03-25,7020756,548329150,78.1,78.35,78.0,78.15,-1.2,2790
50,2019-03-26,2700090,212178105,78.5,78.7,78.4,78.65,0.5,1328
51,2019-03-27,2555684,200669301,78.45,78.7,78.2,78.5,-0.15,959
52,2019-03-28,3415432,267952933,78.3,78.6,78.15,78.5,0.0,977
53,2019-03-29,5680484,448318722,78.7,79.15,78.25,79.15,0.65,1629
54,2019-04-01,11053405,886568240,80.0,80.4,79.6,79.85,0.7,3749
55,2019-04-02,5605092,449896022,80.1,80.45,80.1,80.15,0.3,2132
56,2019-04-03,6867174,550702889,80.4,80.45,79.95,80.15,0.0,3017
57,2019-04-08,7990782,646213579,80.8,81.0,80.7,80.9,0.75,3458
58,2019-04-09,15272047,1239718747,80.95,81.4,80.85,81.4,0.5,6181
59,2019-04-10,10863161,883369153,81.1,81.55,81.1,81.5,0.1,3214
60,2019-04-11,8272430,671920398,81.35,81.55,80.9,81.15,-0.35,2220
61,2019-04-12,7498409,608347094,81.15,81.3,81.0,81.1,-0.05,1806
62,2019-04-15,7681554,628500222,81.65,82.0,81.55,81.85,0.75,4160
63,2019-04-16,7767931,637026518,81.85,82.15,81.8,82.1,0.25,3439
64,2019-04-17,23104837,1911820959,82.3,82.9,82.3,82.75,0.65,5342
65,2019-04-18,20690365,1716538233,82.9,83.35,82.45,82.7,-0.05,3185
66,2019-04-19,12515659,1038666179,83.25,83.5,82.7,82.8,0.1,2347
67,2019-04-22,2874312,238232670,83.0,83.1,82.65,82.7,-0.1,1478
68,2019-04-23,6012031,498598254,82.7,83.2,82.55,83.05,0.35,2105
69,2019-04-24,3108556,258856445,83.4,83.55,82.9,83.2,0.15,1665
70,2019-04-25,3529039,293890589,83.1,83.45,83.0,83.4,0.2,1588
71,2019-04-26,3815090,314520959,82.8,82.8,82.2,82.45,-0.95,2520
72,2019-04-29,3161957,261464012,82.6,82.95,82.5,82.8,0.35,1462
73,2019-04-30,3247891,268471136,82.8,82.9,82.4,82.8,0.0,1525
74,2019-05-02,6155563,511743438,82.95,83.45,82.9,83.0,0.2,2206
75,2019-05-03,30324466,2531398997,83.1,83.8,83.1,83.75,0.75,2939
76,2019-05-06,7463612,614195906,82.6,82.6,82.05,82.3,-1.45,3956
77,2019-05-07,14011442,1163500108,82.65,83.3,82.65,83.15,0.85,3021
78,2019-05-08,13573142,1120446358,82.4,82.85,82.25,82.55,-0.6,2189
79,2019-05-09,6923673,565348226,82.15,82.2,81.25,81.55,-1.0,4032
80,2019-05-10,11794135,961017047,81.55,82.15,80.9,81.5,-0.05,4632
81,2019-05-13,18678106,1503424339,81.1,81.1,80.1,80.15,-1.35,9159
82,2019-05-14,20279630,1613491800,79.6,80.05,78.9,79.65,-0.5,9964
83,2019-05-15,17261839,1376616520,79.65,80.0,79.45,79.75,0.1,8236
84,2019-05-16,17099974,1355088953,79.5,79.6,79.0,79.05,-0.7,7751
85,2019-05-17,23573826,1854550805,79.5,79.55,78.25,78.25,-0.8,11522
86,2019-05-20,14304763,1121570149,78.5,78.8,78.15,78.2,-0.05,6896
87,2019-05-21,19814843,1548066469,78.0,78.45,77.7,78.4,0.2,6058
88,2019-05-22,10557991,827306010,78.2,78.65,78.1,78.4,0.0,4582
89,2019-05-23,25682577,1979998024,77.85,77.85,76.85,76.95,-1.45,13162
90,2019-05-24,6029424,465499944,77.05,77.5,77.0,77.35,0.4,3250
91,2019-05-27,11541072,890073086,77.5,77.5,76.85,77.15,-0.2,5535
92,2019-05-28,9812310,755742961,77.25,77.25,76.85,77.1,-0.05,4361
93,2019-05-29,9659519,740038363,76.5,76.8,76.3,76.75,-0.35,4380
94,2019-05-30,7658659,591824718,76.75,77.5,76.75,77.4,0.65,3474
95,2019-05-31,7566310,590619995,77.35,78.45,77.3,78.45,1.05,3611
96,2019-06-03,6017694,470593299,78.2,78.65,77.65,78.55,0.1,2880
97,2019-06-04,7228829,565425109,78.45,78.6,78.0,78.05,-0.5,2675
98,2019-06-05,7051894,554017619,78.85,78.95,78.25,78.3,0.25,3047
99,2019-06-06,7456203,579216003,77.7,77.85,77.45,77.7,-0.6,3663
100,2019-06-10,7666763,604180835,78.65,79.05,78.35,79.05,1.35,3677
101,2019-06-11,10623986,844354556,79.2,79.8,79.05,79.4,0.35,5118
102,2019-06-12,9258296,736850634,79.4,79.8,79.25,79.7,0.3,4028
103,2019-06-13,5914941,468466446,79.4,79.55,78.95,79.05,-0.65,2874
104,2019-06-14,3164087,249813323,79.0,79.15,78.8,78.9,-0.15,1824
105,2019-06-17,6141128,483052353,78.45,78.95,78.1,78.7,-0.2,3732
106,2019-06-18,2890377,227779433,78.8,79.0,78.6,78.9,0.2,1195
107,2019-06-19,21832509,1754258999,80.0,80.8,79.95,80.75,1.85,8538
108,2019-06-20,11581994,936579222,80.75,81.0,80.65,80.85,0.1,4459
109,2019-06-21,15343532,1243301534,81.1,81.2,80.8,80.85,0.0,8013
110,2019-06-24,16600747,1347119158,80.8,81.5,80.7,81.2,0.35,5396
111,2019-06-25,7941128,643677923,81.15,81.4,80.6,80.75,-0.45,2804
112,2019-06-26,5913352,475566304,80.6,80.6,80.25,80.35,-0.4,2313
113,2019-06-27,15351329,1248736184,80.55,81.6,80.55,81.5,1.15,4177
114,2019-06-28,3940686,319369533,81.45,81.55,80.85,80.9,-0.6,1867
115,2019-07-01,13771395,1137417652,82.05,82.8,82.05,82.65,1.75,5806
116,2019-07-02,5209290,429828229,82.65,82.7,82.4,82.45,-0.2,2310
117,2019-07-03,8615424,703409269,82.35,82.35,81.35,81.5,-0.95,2877
118,2019-07-04,5777556,473795392,81.8,82.2,81.8,82.0,0.5,1447
119,2019-07-05,1612933,132235865,82.1,82.35,81.8,81.9,-0.1,1054
120,2019-07-08,3859058,315505734,81.8,82.0,81.4,81.6,-0.3,1508
121,2019-07-09,4083155,333023156,81.75,81.75,81.4,81.5,-0.1,1528
122,2019-07-10,4427730,363405703,81.95,82.25,81.85,82.2,0.7,1918
123,2019-07-11,10379773,860205468,82.65,83.05,82.5,82.85,0.65,4412
124,2019-07-12,2972505,246251327,82.85,83.0,82.7,82.75,-0.1,1440
125,2019-07-15,9336043,775528066,82.85,83.35,82.25,83.2,0.45,3389
126,2019-07-16,5503245,458848605,83.2,83.45,83.15,83.35,0.15,2645
127,2019-07-17,10598530,879178624,83.25,83.25,82.8,82.8,-0.55,4107
128,2019-07-18,7541026,624408018,82.6,82.95,82.6,82.7,-0.1,1759
129,2019-07-19,9780922,814129776,83.0,83.45,83.0,83.0,0.0,3437
130,2019-07-22,8368544,698062737,83.1,83.5,83.1,83.4,0.4,3434
131,2019-07-23,5899116,493687372,83.6,83.9,83.5,83.6,0.2,2505
132,2019-07-24,3364336,281628164,83.75,83.9,83.55,83.55,-0.05,1397
133,2019-07-25,4931659,412670155,83.55,83.8,83.4,83.8,0.25,1798
134,2019-07-26,3129687,260812774,83.4,83.4,83.2,83.25,-0.55,1837
135,2019-07-29,3042246,253325799,83.1,83.45,83.05,83.45,0.2,1346
136,2019-07-30,2083374,173777513,83.6,83.7,83.2,83.2,-0.25,1207
137,2019-07-31,3119262,258060696,83.15,83.15,82.45,82.8,-0.4,1492
138,2019-08-01,5042943,414858242,82.2,82.55,82.1,82.3,-0.5,2632
139,2019-08-02,16846402,1362560110,81.05,81.2,80.6,80.95,-1.35,6921
140,2019-08-05,20659506,1657565764,80.7,80.85,79.9,80.15,-0.8,9417
141,2019-08-06,24901846,1968227195,78.65,80.45,78.5,80.1,-0.05,10838
142,2019-08-07,16856004,1345630493,80.15,80.2,79.55,79.7,-0.4,7603
143,2019-08-08,5036121,405560691,80.05,80.8,80.0,80.65,0.95,2802
144,2019-08-12,3168030,255436705,80.65,80.85,80.15,80.6,-0.05,2171
145,2019-08-13,7431519,593128279,80.15,80.15,79.55,79.7,-0.9,4255
146,2019-08-14,7382138,595173755,80.7,80.8,80.3,80.3,0.6,3019
147,2019-08-15,15972089,1267223096,79.2,79.6,79.1,79.4,-0.9,6769
148,2019-08-16,6158748,492012872,79.45,80.35,79.25,80.35,0.95,3689
149,2019-08-19,6475352,522065179,80.75,80.9,80.3,80.8,0.45,3347
150,2019-08-20,4179197,338309857,80.85,81.1,80.8,81.0,0.2,2012
151,2019-08-21,6092896,493794088,80.95,81.15,80.9,81.1,0.1,3233
152,2019-08-22,9379398,763036338,81.3,81.65,80.8,80.9,-0.2,3542
153,2019-08-23,3211036,259903716,80.9,81.1,80.75,81.0,0.1,1804
154,2019-08-26,12292310,980575763,79.8,80.1,79.6,79.65,-1.35,5857
155,2019-08-27,2535864,202789305,80.15,80.2,79.75,79.85,0.2,1369
156,2019-08-28,3318188,266715323,80.1,80.55,80.1,80.4,0.55,1606
157,2019-08-29,3233649,259494308,80.45,80.6,80.0,80.55,0.15,964
158,2019-08-30,19370894,1581406102,81.15,81.9,81.15,81.85,1.3,5592
159,2019-09-02,6457870,528610814,81.8,82.0,81.65,81.9,0.05,2082
160,2019-09-03,5052925,413343221,81.85,82.0,81.2,81.2,-0.7,2534
161,2019-09-04,10748771,881536222,81.45,82.2,81.4,82.15,0.95,4277
162,2019-09-05,25429390,2110355549,82.55,83.2,82.55,83.0,0.85,7984
163,2019-09-06,17226303,1437582238,83.25,83.55,83.25,83.5,0.5,7833
164,2019-09-09,12633348,1058619857,83.7,84.0,83.65,83.8,0.3,4942
165,2019-09-10,5171847,431764155,83.95,83.95,83.2,83.4,-0.4,3012
166,2019-09-11,4746200,396473497,83.75,83.9,83.3,83.45,0.05,1766
167,2019-09-12,9281122,779861376,84.1,84.25,83.75,83.9,0.45,3785
168,2019-09-16,10929792,920529834,84.0,84.45,83.95,84.4,0.5,4660
169,2019-09-17,4966780,418697583,84.4,84.45,84.2,84.25,-0.15,1650
170,2019-09-18,16999486,1442542539,84.4,85.0,84.35,84.95,0.7,5496
171,2019-09-19,7777364,658987087,84.95,85.15,84.4,84.45,-0.5,2503
172,2019-09-20,8231699,697865048,84.65,84.9,84.65,84.7,0.25,2092
173,2019-09-23,4369839,369772132,84.65,84.85,84.5,84.5,-0.2,1478
174,2019-09-24,4852012,410605292,84.5,84.85,84.35,84.65,0.15,1642
175,2019-09-25,3927674,330124238,84.35,84.35,83.9,84.1,-0.55,2438
176,2019-09-26,5194687,438729412,84.45,84.7,84.15,84.3,0.2,1534
177,2019-09-27,8884695,752473986,84.9,85.2,84.5,84.6,0.3,1964
178,2019-10-01,9595908,821807362,84.8,86.0,84.8,85.95,1.35,4149
179,2019-10-02,5653658,484713271,85.6,85.9,85.6,85.65,-0.3,1448
180,2019-10-03,4868237,412892945,84.4,85.1,84.3,84.8,-0.85,1734
181,2019-10-04,3746987,318959376,85.2,85.4,84.75,85.15,0.35,1128
182,2019-10-07,4140747,353756450,85.4,85.65,85.2,85.45,0.3,2881
183,2019-10-08,12195435,1054012283,85.85,86.6,85.85,86.5,1.05,3364
184,2019-10-09,6916829,594801990,86.15,86.2,85.8,85.8,-0.7,1835
185,2019-10-14,9491298,828885815,87.0,87.55,87.0,87.55,1.75,3957
186,2019-10-15,4377610,383575647,87.55,87.85,87.3,87.7,0.15,2163
187,2019-10-16,3983672,350582692,88.0,88.15,87.85,88.1,0.4,2926
188,2019-10-17,2540883,223655954,88.05,88.15,87.8,88.15,0.05,1408
189,2019-10-18,2815798,248106090,88.15,88.65,87.9,87.95,-0.2,1592
190,2019-10-21,1077652,94700394,87.95,88.0,87.75,87.85,-0.1,1257
191,2019-10-22,3256399,288438607,88.2,88.8,88.2,88.7,0.85,1639
192,2019-10-23,2580656,228554820,88.7,88.8,88.3,88.45,-0.25,1289
193,2019-10-24,2579559,228735385,88.7,88.8,88.5,88.8,0.35,1523
194,2019-10-25,7971190,708933934,89.2,89.2,88.6,88.8,0.0,2550
195,2019-10-28,5009774,446669910,89.25,89.3,89.0,89.2,0.4,2550
196,2019-10-29,7410985,663510736,89.5,89.65,89.35,89.45,0.25,2800
197,2019-10-30,5384270,482121683,89.45,89.85,89.3,89.85,0.4,1803
198,2019-10-31,9458164,854001219,89.9,90.6,89.9,90.1,0.25,2116
199,2019-11-01,2806778,252465747,90.0,90.2,89.75,90.1,0.0,1648
200,2019-11-04,6730681,615367052,90.55,92.25,90.55,92.2,2.1,3034
201,2019-11-05,3966279,367357250,92.4,92.9,92.35,92.9,0.7,2409
202,2019-11-06,4494319,418107400,92.95,93.35,92.75,93.35,0.45,2691
203,2019-11-07,3050118,282827556,93.2,93.2,92.35,92.85,-0.5,1940
204,2019-11-08,2890536,267788689,93.0,93.05,92.4,92.55,-0.3,1583
205,2019-11-11,5859344,535835470,92.4,92.45,91.05,91.15,-1.4,2994
206,2019-11-12,2426297,222545554,91.55,92.0,91.55,92.0,0.85,1594
207,2019-11-13,1935545,176904008,91.55,91.65,91.05,91.45,-0.55,1181
208,2019-11-14,2174281,198947342,91.6,91.8,91.2,91.4,-0.05,1038
209,2019-11-15,2510879,231639658,92.0,92.5,92.0,92.3,0.9,1536
210,2019-11-18,2087613,193351977,92.5,92.9,92.4,92.9,0.6,1586
211,2019-11-19,2821624,263329860,92.9,93.6,92.65,93.6,0.7,1750
212,2019-11-20,7954619,741833623,93.6,93.6,93.1,93.25,-0.35,3259
213,2019-11-21,3283838,302750501,92.3,92.55,91.8,92.5,-0.75,1619
214,2019-11-22,1506544,139445637,92.55,92.75,92.4,92.55,0.05,931
215,2019-11-25,2520694,234066063,93.0,93.1,92.55,92.6,0.05,2186
216,2019-11-26,3827480,355795288,92.95,93.3,92.8,92.85,0.25,2029
217,2019-11-27,1957676,181984052,92.85,93.2,92.75,93.2,0.35,1107
218,2019-11-28,1352720,125715522,93.25,93.25,92.8,92.95,-0.25,887
219,2019-11-29,5344208,490829372,92.85,92.85,91.45,91.5,-1.45,2592
220,2019-12-02,2068341,190189977,91.95,92.15,91.75,92.05,0.55,1568
221,2019-12-03,1410794,129802491,91.7,92.2,91.6,92.05,0.0,807
222,2019-12-04,2310508,211810503,91.85,91.9,91.4,91.7,-0.35,1026
223,2019-12-05,3441050,319239879,92.35,93.0,92.2,92.9,1.2,1898
224,2019-12-06,3394433,316362892,93.3,93.5,92.75,93.05,0.15,1691
225,2019-12-09,2912194,272545756,93.2,93.8,93.2,93.65,0.6,2016
226,2019-12-10,5465431,508711057,93.4,93.4,92.8,93.0,-0.65,1356
227,2019-12-11,1936772,181023950,93.0,93.75,92.95,93.75,0.75,1512
228,2019-12-12,8420111,805189010,94.35,96.1,94.35,95.85,2.1,3414
229,2019-12-13,5880136,570464417,96.75,97.4,96.7,96.9,1.05,3045
230,2019-12-16,4482448,434247973,96.95,97.05,96.65,96.85,-0.05,3153
231,2019-12-17,4703223,458806704,96.75,98.15,96.7,98.15,1.3,2810
232,2019-12-18,3762355,368980745,98.0,98.3,97.8,98.2,0.05,2718
233,2019-12-19,2271007,222130098,98.15,98.2,97.55,97.65,-0.55,1774
234,2019-12-20,3353485,325788665,97.55,97.55,96.7,96.95,-0.7,2393
235,2019-12-23,3416729,331574305,97.0,97.3,96.95,97.15,0.2,2170
236,2019-12-24,1409728,137094824,97.3,97.45,97.2,97.2,0.05,830
237,2019-12-25,1789167,173900527,97.2,97.45,97.05,97.35,0.15,1847
238,2019-12-26,3095969,301266167,97.55,97.55,97.1,97.35,0.0,1119
239,2019-12-27,2978047,291993656,97.6,98.15,97.6,98.0,0.65,1942
240,2019-12-30,3138762,307621326,98.0,98.25,97.6,97.8,-0.2,1941
241,2019-12-31,4303947,417657710,97.1,97.2,96.95,96.95,-0.85,1852
242,2020-01-02,4882015,476649683,97.05,98.0,97.05,97.65,0.7,2421
243,2020-01-03,6813547,665657992,98.3,98.7,97.0,97.65,0.0,3080
244,2020-01-06,9321768,901060879,97.05,97.1,96.4,96.4,-1.25,4809
245,2020-01-07,6328602,607425541,96.45,96.7,95.4,96.1,-0.3,4116
246,2020-01-08,8516995,813733739,95.2,96.2,95.05,95.65,-0.45,5033
247,2020-01-09,7163943,693086421,96.3,97.1,96.3,96.95,1.3,3879
248,2020-01-10,9071925,882408791,97.5,97.8,96.95,97.3,0.35,4900
249,2020-01-13,6650898,650806854,97.85,98.1,97.5,98.0,0.7,2883
250,2020-01-14,11544956,1138704185,98.5,98.85,98.4,98.6,0.6,6403
251,2020-01-15,10259354,1004716001,98.7,98.7,97.45,97.6,-1.0,5316
252,2020-01-16,8686499,844614108,97.15,97.5,97.0,97.3,-0.3,2646
253,2020-01-17,8121134,791003262,97.7,97.75,97.1,97.3,0.0,2944
254,2020-01-20,6969945,681688026,97.55,98.0,97.55,97.7,0.4,3130
255,2020-01-30,32262874,3014149166,95.0,95.0,92.15,92.15,-5.55,16273
256,2020-01-31,22497767,2030143514,90.65,90.65,89.65,89.95,0.0,11950
257,2020-02-03,15823593,1401640343,88.5,89.15,87.6,89.05,-0.9,7843
258,2020-02-04,8904471,804708649,89.45,90.95,89.2,90.6,1.55,4851
259,2020-02-05,6701508,609037681,91.0,91.3,90.3,90.85,0.25,4001
260,2020-02-06,10696477,982277669,91.65,92.3,91.35,92.3,1.45,4113
261,2020-02-07,9554828,871832328,91.65,91.65,90.95,91.2,-1.1,4992
262,2020-02-10,7308908,661411947,90.0,91.2,89.6,91.0,-0.2,3838
263,2020-02-11,5115402,468988015,91.35,91.95,91.35,91.75,0.75,3724
264,2020-02-12,5640117,521567062,92.0,92.9,92.0,92.65,0.9,2845
265,2020-02-13,5754317,534947681,93.0,93.25,92.7,92.8,0.15,2530
266,2020-02-14,4988165,463738591,92.8,93.25,92.55,92.95,0.15,2592
267,2020-02-17,6266211,578240762,92.3,92.55,91.95,92.3,-0.65,2983
268,2020-02-18,12529356,1143154993,91.4,91.6,91.0,91.05,-1.25,6041
269,2020-02-19,7947011,730212458,91.15,92.25,91.05,92.1,1.05,3934
270,2020-02-20,6538336,599664476,92.35,92.5,91.35,91.7,-0.4,2619
271,2020-02-21,5401188,493195200,91.65,91.95,90.95,91.25,-0.45,2963
272,2020-02-24,13571936,1222019338,90.25,90.4,89.7,90.1,-1.15,7797
273,2020-02-25,8840104,796170580,89.5,90.5,89.45,90.35,0.25,3943
274,2020-02-26,15256003,1362216157,89.15,89.75,88.9,89.45,-0.9,7889
275,2020-02-27,24688054,2190387154,89.35,89.5,88.35,88.65,-0.8,12829
276,2020-03-02,27894641,2437814508,87.5,88.25,86.85,87.35,-1.3,12628
277,2020-03-03,11071900,980838153,88.85,88.95,88.25,88.6,1.25,5903
278,2020-03-04,8437415,749733154,88.8,89.2,88.4,89.2,0.6,3541
279,2020-03-05,9785483,881048721,89.8,90.25,89.75,90.2,1.0,5246
280,2020-03-06,17096376,1515504581,89.65,89.65,88.3,88.35,-1.85,8153
281,2020-03-09,27734426,2389878137,86.8,86.8,85.6,85.85,-2.5,16049
282,2020-03-10,23784345,2031046781,85.0,86.3,84.9,86.3,0.45,10444
283,2020-03-11,15306570,1315633871,86.45,86.55,85.05,85.3,-1.0,7642
284,2020-03-12,44910246,3702402943,84.5,84.5,81.15,82.15,-3.15,19425
285,2020-03-13,53704860,4165969502,78.0,81.4,75.95,81.0,-1.15,22286
286,2020-03-16,33813951,2652927807,80.0,80.4,76.95,77.3,-3.7,17505
287,2020-03-17,51145832,3843020137,74.3,76.7,74.3,74.85,-2.45,20922
288,2020-03-18,46790503,3463425684,74.95,75.25,72.8,72.8,-2.05,23021
289,2020-03-19,68038340,4709268810,71.0,71.0,67.25,68.55,-4.25,27999
290,2020-03-20,40910533,2966513589,71.0,74.0,70.9,74.0,5.45,20786
291,2020-03-23,22465117,1599805748,71.0,72.1,69.55,70.8,-3.2,12011
292,2020-03-24,26956843,2009808259,73.85,75.3,73.7,74.25,3.45,13009
293,2020-03-25,32687820,2515225203,76.8,77.45,76.1,76.85,2.6,17188
294,2020-03-26,19215688,1477391870,77.4,77.45,76.0,77.2,0.35,9509
295,2020-03-27,21953901,1706695527,78.3,78.7,76.45,76.6,-0.6,12164
296,2020-03-30,13605883,1021517958,74.7,76.15,74.05,75.85,-0.75,7322
297,2020-03-31,9764000,745847201,76.8,77.2,75.6,76.15,0.3,5249
298,2020-04-01,9948017,757960266,76.5,76.65,75.85,75.9,-0.25,4967
299,2020-04-06,12207626,935731083,76.95,77.1,75.75,77.05,1.15,5824
300,2020-04-07,15302038,1200849513,78.5,78.9,78.05,78.5,1.45,8794
301,2020-04-08,15230698,1205900652,78.5,79.7,78.35,79.6,1.1,8941
302,2020-04-09,15650105,1242814448,79.85,80.1,78.85,79.25,-0.35,8547
303,2020-04-10,5824779,460693342,79.0,79.35,78.7,79.3,0.05,3348
304,2020-04-13,7430914,586896106,79.0,79.4,78.55,78.8,-0.5,4389
305,2020-04-14,13121792,1054569152,79.05,80.95,79.05,80.95,2.15,7743
306,2020-04-15,17361116,1410800897,81.25,81.5,81.0,81.2,0.25,7137
307,2020-04-16,12409525,1001483225,80.2,81.1,80.05,80.8,-0.4,6925
308,2020-04-17,34532038,2879398225,83.0,84.0,82.7,83.25,2.45,11524
309,2020-04-20,12336416,1025144071,83.25,83.5,82.8,83.0,-0.25,5638
310,2020-04-21,21082454,1712306057,82.65,82.65,80.5,80.6,-2.4,11037
311,2020-04-22,10896151,871604621,80.0,80.6,79.5,80.6,0.0,5607
312,2020-04-23,13298948,1078973188,81.15,82.0,80.3,80.9,0.3,5546
313,2020-04-24,5764752,466004912,80.8,81.0,80.45,80.9,0.0,3025
314,2020-04-27,13917724,1144296195,82.15,82.6,81.65,82.55,1.65,5005
315,2020-04-28,7556661,622421135,82.9,82.9,82.0,82.55,0.0,4044
316,2020-04-29,11874079,992546626,83.05,83.9,82.95,83.7,1.15,5582
317,2020-04-30,18785156,1597420751,84.45,85.5,84.4,85.5,1.8,8305
318,2020-05-04,15648380,1296408090,82.4,83.3,82.2,83.0,-2.5,8848
319,2020-05-05,7810636,651512279,83.5,83.8,83.0,83.4,0.4,3986
320,2020-05-06,6142593,511218824,83.3,83.75,82.6,83.5,0.1,3610
321,2020-05-07,6140995,514715030,83.5,84.15,83.3,83.85,0.35,3429
322,2020-05-08,6034013,508981564,84.6,84.75,84.0,84.35,0.5,3530
323,2020-05-11,6655422,566557718,85.0,85.4,84.7,85.05,0.7,4065
324,2020-05-12,11549365,970944184,84.6,84.6,83.65,84.05,-1.0,6496
325,2020-05-13,4967165,417187216,83.7,84.4,83.6,84.3,0.25,2672
326,2020-05-14,8743268,729929358,83.8,83.85,83.2,83.3,-1.0,4975
327,2020-05-15,6190781,518392098,84.05,84.25,83.05,83.85,0.55,3135
328,2020-05-18,8271703,687412937,83.05,83.45,82.8,83.15,-0.7,4054
329,2020-05-19,5477775,460004900,84.4,84.5,83.65,83.9,0.75,3225
330,2020-05-20,9894141,830898729,84.0,84.2,83.5,83.8,-0.1,8013
331,2020-05-21,7568047,639149173,84.15,84.8,84.1,84.5,0.7,3658
332,2020-05-22,13354146,1110886948,83.8,83.9,82.9,82.95,-1.55,8390
333,2020-05-25,5250544,435011428,83.15,83.5,82.15,83.5,0.55,3380
334,2020-05-26,15454949,1305177905,84.25,84.65,83.85,84.45,0.95,5465
335,2020-05-27,4589767,387703276,84.7,84.85,84.05,84.35,-0.1,3012
336,2020-05-28,7476909,630228694,84.9,84.9,83.55,83.85,-0.5,3104
337,2020-05-29,5320690,444529073,83.4,84.45,83.0,84.45,0.6,2851
338,2020-06-01,8365321,709979535,84.45,85.15,84.4,84.9,0.45,4221
339,2020-06-02,11947060,1019866379,85.0,85.5,85.0,85.3,0.4,4546
340,2020-06-03,18117244,1567235805,86.15,86.9,86.1,86.8,1.5,7251
341,2020-06-04,15036553,1315498861,87.5,87.75,87.15,87.6,0.8,6182
342,2020-06-05,9916582,873460722,87.7,88.35,87.7,88.35,0.75,5501
343,2020-06-08,15549542,1388746538,88.9,89.8,88.8,89.5,1.15,7617
344,2020-06-09,11356579,1016232445,89.6,89.8,88.95,89.6,0.1,4738
345,2020-06-10,10998897,992706489,89.65,90.7,89.55,90.45,0.85,6189
346,2020-06-11,14179192,1274547880,90.45,90.85,89.0,89.05,-1.4,6785
347,2020-06-12,21563371,1896372312,87.25,88.5,87.1,88.25,-0.8,9065
348,2020-06-15,9573700,839035110,88.1,88.3,86.9,87.0,-1.25,6066
349,2020-06-16,10841047,962708421,88.15,89.2,88.15,88.9,1.9,5206
350,2020-06-17,11510236,1022814504,89.2,89.2,88.3,89.0,0.1,9354
351,2020-06-18,5035751,447396539,89.05,89.3,88.35,88.9,-0.1,2385
352,2020-06-19,2333985,207473976,89.0,89.15,88.65,88.85,-0.05,1483
353,2020-06-22,10579456,943788276,88.85,89.7,88.85,89.05,0.2,3109
354,2020-06-23,8664889,775774053,89.6,90.05,88.8,89.45,0.4,3040
355,2020-06-24,10061904,907813260,89.8,90.5,89.8,90.0,0.55,4330
356,2020-06-29,9785007,872080579,89.25,89.6,88.65,89.1,-0.9,5184
357,2020-06-30,8035137,720381822,89.55,89.95,89.4,89.9,0.8,2697
358,2020-07-01,9979250,904497055,89.95,90.9,89.95,90.5,0.6,4711
359,2020-07-02,7601474,693803341,90.65,91.5,90.6,91.5,1.0,4366
360,2020-07-03,14983163,1385847691,92.1,92.75,92.1,92.55,1.05,6056
361,2020-07-06,14469339,1358063416,93.2,94.3,93.2,94.15,1.6,8897
362,2020-07-07,13927773,1319126267,95.0,95.5,94.1,94.5,0.35,6723
363,2020-07-08,11145368,1059607510,94.5,95.4,94.4,95.15,0.65,5083
364,2020-07-09,7241657,692045803,95.7,95.85,95.15,95.45,0.3,3549
365,2020-07-10,11502554,1094033243,95.55,95.7,94.6,94.65,-0.8,5770
366,2020-07-13,12054512,1153447842,95.4,96.1,95.25,96.05,1.4,5984
367,2020-07-14,13480664,1295085558,95.8,96.65,95.7,96.65,0.6,4715
368,2020-07-15,21315724,2077523237,97.3,97.95,96.7,97.05,0.4,11931
369,2020-07-16,7632129,735642427,97.0,97.0,95.85,96.1,-0.95,5029
370,2020-07-17,18010470,1751082740,97.05,97.7,96.7,97.2,1.1,7731
371,2020-07-20,9486407,918916229,97.2,97.35,96.25,97.05,-0.15,6545
372,2020-07-21,24740975,2433422779,97.15,99.1,97.1,98.7,0.0,12450
373,2020-07-22,7243893,717050857,98.55,99.25,98.35,98.95,0.25,4151
374,2020-07-23,6008972,592464031,98.85,98.9,98.1,98.85,-0.1,3535
375,2020-07-24,17377622,1724382788,99.0,100.1,98.25,98.5,-0.35,6823
376,2020-07-27,22874174,2356342872,101.8,103.55,101.8,103.3,4.8,11883
377,2020-07-28,22422761,2379933200,107.25,108.7,103.3,103.6,0.3,11952
378,2020-07-29,9636665,992523048,102.8,103.8,102.1,102.55,-1.05,4854
379,2020-07-30,6587085,685105923,104.2,105.0,103.3,104.05,1.5,3693
380,2020-07-31,5314021,551884860,103.9,104.3,103.45,103.8,-0.25,3221
381,2020-08-03,7258914,744236128,103.45,103.5,102.0,102.0,-1.8,4831
382,2020-08-04,4798147,493967922,102.55,103.35,102.55,103.3,1.3,3057
383,2020-08-05,5106381,531964659,104.1,104.5,103.75,104.3,1.0,3080
384,2020-08-06,7430095,783441756,105.45,105.95,104.85,105.4,1.1,4239
385,2020-08-07,6803730,712917364,105.55,105.55,104.3,104.65,-0.75,3541
386,2020-08-10,5905752,622370140,104.1,105.85,104.1,105.6,0.95,4997
387,2020-08-11,3199141,336459703,105.4,105.65,104.75,104.8,-0.8,2468
388,2020-08-12,5916723,611921693,104.0,104.0,103.0,103.25,-1.55,3418
389,2020-08-13,5461251,570110533,104.7,104.9,104.05,104.25,1.0,2280
390,2020-08-14,3779950,393960616,103.8,104.5,103.5,104.5,0.25,2051
391,2020-08-17,5641660,593122510,104.5,105.7,104.25,105.6,1.1,3812
392,2020-08-18,3745611,393780655,105.7,105.9,104.65,105.0,-0.6,2556
393,2020-08-19,6043314,631939609,105.0,105.45,104.1,104.25,-0.75,5186
394,2020-08-20,18738215,1897013023,103.8,103.8,98.7,100.6,-3.65,11099
395,2020-08-21,8132713,832420919,102.15,103.0,101.7,102.8,2.2,5138
396,2020-08-24,3718559,383234215,102.85,103.55,102.3,103.1,0.3,2576
397,2020-08-25,3609809,375149258,103.45,104.35,103.35,103.9,0.8,2447
398,2020-08-26,2665520,277638503,104.0,104.35,103.6,104.3,0.4,2573
399,2020-08-27,5706106,599909101,105.1,105.7,104.45,104.55,0.25,2953
400,2020-08-28,3913299,405257434,103.85,104.25,103.0,103.5,-1.05,2680
401,2020-08-31,5759933,593120338,104.1,104.25,101.8,101.8,-1.7,3452
402,2020-09-01,5735637,587861691,102.45,103.35,101.85,103.35,1.55,2800
403,2020-09-02,4133083,425506025,103.65,104.05,102.3,103.0,-0.35,2025
404,2020-09-03,5129198,532334317,103.7,104.3,103.2,103.3,0.3,2346
405,2020-09-04,5916012,604970586,102.0,102.7,101.9,102.55,-0.75,3361
406,2020-09-07,5499657,563619413,102.55,103.05,101.9,102.4,-0.15,3954
407,2020-09-08,4504453,463379909,102.75,103.1,102.45,103.0,0.6,2719
408,2020-09-09,6274033,637408220,101.75,102.35,101.15,102.3,-0.7,3797
409,2020-09-10,3581337,369033967,102.8,103.35,102.6,103.2,0.9,2701
410,2020-09-11,2905291,299577717,103.2,103.35,102.8,103.25,0.05,1919
411,2020-09-14,5753474,599428685,103.5,104.55,103.25,104.55,1.3,3686
412,2020-09-15,5438768,570384840,104.45,105.2,104.25,104.95,0.4,3321
413,2020-09-16,14855265,1585216900,106.55,107.0,106.35,106.55,1.6,6243
414,2020-09-17,8748846,924073883,106.05,106.35,105.1,105.4,-1.15,2813
415,2020-09-18,4951719,521608487,105.4,105.7,104.85,105.3,-0.1,2031
416,2020-09-21,5709735,599969574,105.2,105.9,104.35,104.45,-0.85,2400
417,2020-09-22,6636055,686437756,104.3,104.3,102.95,103.1,-1.35,3984
418,2020-09-23,9454100,930964496,103.5,103.5,102.4,102.95,-0.15,3414
419,2020-09-24,15784773,1591408178,101.55,101.8,100.25,100.45,-2.5,10143
420,2020-09-25,9498930,956362729,100.75,101.45,100.05,100.65,0.2,5795
421,2020-09-28,6026880,613784969,101.35,102.3,101.0,102.3,1.65,3799
422,2020-09-29,3759262,386035352,102.75,103.25,102.15,102.55,0.25,2283
423,2020-09-30,3545485,365486223,102.75,103.45,102.6,103.0,0.45,2026
424,2020-10-05,5912599,611109577,103.45,104.05,103.0,103.05,0.05,3406
425,2020-10-06,6875260,716387698,104.0,104.35,103.85,104.25,1.2,4463
426,2020-10-07,4011139,419191630,104.0,105.0,103.5,104.8,0.55,3511
427,2020-10-08,13470899,1426719794,105.45,106.35,105.3,106.2,1.4,7466
428,2020-10-12,9837999,1054361643,106.7,107.7,106.7,107.05,0.85,6156
429,2020-10-13,5410614,577962340,107.35,107.6,106.2,107.1,0.05,3278
430,2020-10-14,2562860,273648098,107.05,107.2,106.45,106.7,-0.4,1916
431,2020-10-15,4550154,481080290,106.5,106.5,105.1,105.7,-1.0,2578
432,2020-10-16,3239005,342147843,105.7,106.3,105.1,105.25,-0.45,2646
433,2020-10-19,3459323,367826138,105.65,106.6,105.6,106.6,1.35,2680
434,2020-10-20,1414032,150155790,106.4,106.45,106.0,106.0,-0.6,1168
435,2020-10-21,8599387,911039411,106.0,106.55,105.65,105.95,-0.05,6578
436,2020-10-22,2158260,228303838,105.7,106.1,105.5,106.1,0.15,1479
437,2020-10-23,3205830,339926838,106.5,106.65,105.65,106.1,0.0,1237
438,2020-10-26,2918339,309750999,106.1,106.6,105.8,106.1,0.0,3402
439,2020-10-27,3438003,362491156,105.75,105.75,105.15,105.5,-0.6,4510
440,2020-10-28,4782251,502747144,105.5,105.5,104.8,105.0,-0.5,4348
441,2020-10-29,7191693,745591107,104.0,104.1,103.25,103.85,-1.15,8301
442,2020-10-30,6564423,677255468,103.55,103.6,102.7,103.0,-0.85,7141
443,2020-11-02,10228786,1050887316,103.15,103.45,102.3,103.4,0.4,8143
444,2020-11-03,4444060,464333020,104.2,104.85,104.05,104.6,1.2,4393
445,2020-11-04,5081769,536537006,105.0,106.2,104.7,106.15,1.55,4542
446,2020-11-05,4331427,459148329,106.2,106.4,105.55,106.05,-0.1,3321
447,2020-11-06,6315479,674047631,106.35,107.05,106.3,106.7,0.65,7927
448,2020-11-09,11429760,1234448730,107.75,108.4,107.25,108.1,1.4,7084
449,2020-11-10,4451469,478029991,108.0,108.0,106.8,107.1,-1.0,4098
450,2020-11-11,8631279,935036530,107.1,108.75,107.1,108.75,1.65,5765
451,2020-11-12,3870766,421927706,109.0,109.4,108.7,108.8,0.05,3172
452,2020-11-13,3829664,417113986,108.6,109.3,108.45,109.25,0.45,3049
453,2020-11-16,9421082,1052631798,110.4,112.8,110.4,112.8,3.55,8277
454,2020-11-17,8297028,945842517,115.0,115.75,113.4,113.6,0.8,6274
455,2020-11-18,19747534,2254742494,113.6,114.95,113.15,114.35,0.75,18354
456,2020-11-19,4505205,514299847,114.45,114.55,113.8,114.15,-0.2,3786
457,2020-11-20,4800675,546485967,114.15,114.15,113.35,114.0,-0.15,3751
458,2020-11-23,5800114,668881804,114.65,115.85,114.65,115.45,1.45,4322
459,2020-11-24,6181698,712360322,115.95,115.95,114.75,114.9,-0.55,4988
460,2020-11-25,4184128,479175012,115.7,115.7,113.9,113.95,-0.95,5005
461,2020-11-26,2561228,293607672,114.05,115.0,114.05,114.85,0.9,3146
462,2020-11-27,5329935,609955495,114.5,114.85,114.1,114.65,-0.2,3372
463,2020-11-30,9569902,1092174851,114.8,115.15,113.3,113.3,-1.35,7844
464,2020-12-01,5097362,579908169,113.8,114.3,113.35,114.3,1.0,3856
465,2020-12-02,6132300,706416245,115.0,115.55,114.5,115.4,1.1,3958
466,2020-12-03,5977208,690191929,115.45,116.1,115.0,115.4,0.0,3650
467,2020-12-04,12351997,1441028838,115.9,117.45,115.9,117.3,1.9,5651
468,2020-12-07,6859570,809975765,118.5,118.75,117.5,118.4,1.1,6523
469,2020-12-08,6401980,760790348,118.45,120.05,117.95,120.05,1.65,5575
470,2020-12-09,6302763,755414967,120.0,120.2,119.5,120.05,0.0,5187
471,2020-12-10,8417879,996846199,119.15,119.15,118.05,118.6,-1.45,9233
472,2020-12-11,4798609,567107835,118.8,119.15,117.25,118.75,0.15,5384
473,2020-12-14,2479991,293305597,118.65,118.65,118.0,118.25,-0.5,3439
474,2020-12-15,9664754,1132041750,117.95,118.0,116.75,117.05,-1.2,9128
475,2020-12-16,13383363,1589857607,117.9,119.3,117.85,119.25,2.2,13255
476,2020-12-17,3001579,355533497,119.15,119.15,118.0,118.6,-0.65,3369
477,2020-12-18,2585473,305752089,118.55,118.7,118.0,118.2,-0.4,3012
478,2020-12-21,4402203,521717200,118.25,119.4,117.5,119.35,1.15,4369
479,2020-12-22,5849363,694797654,119.05,119.5,117.85,118.0,-1.35,4923
480,2020-12-23,4246980,500926481,117.85,118.3,117.5,118.15,0.15,3060
481,2020-12-24,2498996,296457152,118.4,118.85,118.2,118.8,0.65,2262
482,2020-12-25,2878357,343128324,119.1,119.6,118.6,118.95,0.15,3097
483,2020-12-28,3495974,418460860,119.05,120.0,119.05,120.0,1.05,4173
484,2020-12-29,3177140,380694787,120.05,120.2,119.35,119.9,-0.1,2824
485,2020-12-30,5501727,664129018,120.0,121.6,119.9,121.6,1.7,4169
486,2020-12-31,5845572,713540097,122.15,122.4,121.7,122.25,0.65,3679
487,2021-01-04,6307525,778088986,122.2,124.5,122.0,124.35,2.1,5434
488,2021-01-05,4962514,616480760,124.2,124.65,123.75,124.6,0.25,6179
489,2021-01-06,10859755,1367952768,126.1,127.15,124.1,125.95,1.35,9245
490,2021-01-07,6863448,877015237,126.55,129.0,126.55,128.9,2.95,6299
491,2021-01-08,13298515,1733821488,130.6,131.25,129.55,131.2,2.3,10629
492,2021-01-11,10492804,1375120183,131.2,132.3,130.5,132.3,1.1,10995
493,2021-01-12,11223083,1484059869,132.3,133.15,131.6,132.1,-0.2,11184
494,2021-01-13,10912897,1465070002,132.75,135.45,132.7,135.3,3.2,8059
495,2021-01-14,12390589,1660294742,135.0,135.05,133.35,134.05,-1.25,11405
496,2021-01-15,21933080,2983569891,137.15,138.0,134.4,134.5,0.45,13533
497,2021-01-18,14495824,1937130062,134.6,134.95,132.1,134.4,-0.1,11800
498,2021-01-19,12262208,1675696411,135.2,138.1,135.2,137.95,3.55,8222
499,2021-01-20,30367315,4202770386,138.1,139.5,137.65,138.2,0.25,25701
500,2021-01-21,14029981,1984425275,138.4,143.25,138.35,143.0,4.8,12122
501,2021-01-22,24714046,3413371452,138.2,139.0,135.0,137.45,0.0,26235
502,2021-01-25,14258565,1931915211,137.2,137.3,134.2,135.6,-1.85,15890
503,2021-01-26,15080041,2016627426,135.55,136.6,131.8,132.85,-2.75,20506
504,2021-01-27,8124071,1082040695,133.3,134.4,132.25,133.05,0.2,8939
505,2021-01-28,15242813,1983766728,130.0,131.3,129.4,130.35,-2.7,20286
506,2021-01-29,14709917,1910423184,131.6,131.85,128.2,128.2,-2.15,18761
507,2021-02-01,14510389,1873041979,128.2,130.95,127.55,130.75,2.55,12642
508,2021-02-02,11194661,1502540355,132.5,135.05,132.5,134.45,3.7,11062
509,2021-02-03,7317436,985895363,135.45,135.5,134.2,134.35,-0.1,7686
510,2021-02-04,6783557,905762129,133.4,134.55,132.35,133.55,-0.8,7854
511,2021-02-05,9116600,1232781527,134.8,136.3,134.2,134.8,1.25,9975
512,2021-02-17,19308197,2703193279,139.0,140.85,139.0,140.55,5.75,18365
513,2021-02-18,10805214,1515128298,140.55,141.25,139.6,140.35,-0.2,11664
514,2021-02-19,9327689,1291374488,139.55,139.55,137.6,138.85,-1.5,14087
515,2021-02-22,7156162,998526381,139.8,140.75,138.75,138.8,-0.05,10082
516,2021-02-23,8026444,1103431395,137.15,138.7,136.45,138.5,-0.3,10480
517,2021-02-24,11227133,1538182466,137.0,138.2,136.25,136.45,-2.05,17875
518,2021-02-25,10368420,1425196624,137.85,138.15,136.7,137.55,1.1,7158
519,2021-02-26,27725975,3715513046,134.65,135.2,133.3,133.4,-4.15,37326
520,2021-03-02,7501387,1010256514,135.5,135.65,133.45,133.45,0.05,10851
521,2021-03-03,8596895,1154467890,133.75,135.4,132.7,135.4,1.95,8407
522,2021-03-04,17641322,2341433954,134.35,134.35,131.7,132.75,-2.65,27088
523,2021-03-05,14721332,1927803083,130.05,132.6,129.5,131.95,-0.8,17078
524,2021-03-08,12425275,1646769774,133.75,133.8,131.5,131.85,-0.1,13253
525,2021-03-09,13755992,1797274857,130.55,131.6,129.75,131.35,-0.5,16324
526,2021-03-10,5608897,740047666,132.3,132.6,131.4,131.9,0.55,8636
527,2021-03-11,9343919,1253580767,132.05,134.95,132.05,134.7,2.8,8659
528,2021-03-12,5700896,770243301,135.25,135.65,134.5,135.25,0.55,6513
529,2021-03-15,3852212,519490377,135.25,135.25,134.45,134.9,-0.35,6120
530,2021-03-16,6868571,928771155,135.45,135.65,134.75,135.35,0.45,7042
531,2021-03-17,6923261,931947167,135.35,135.4,134.0,134.2,-1.15,9793
532,2021-03-18,7050890,954824165,135.1,136.05,134.8,134.9,0.7,5861
533,2021-03-19,10691849,1419477837,133.45,133.5,132.3,132.8,-2.1,18811
534,2021-03-22,5510347,731825252,132.4,133.6,131.6,133.4,0.6,7159
535,2021-03-23,6994160,937937176,133.9,134.7,133.6,133.6,0.2,4759
536,2021-03-24,11082813,1459923222,131.8,132.45,131.3,131.5,-2.1,20959
537,2021-03-25,5186148,681481755,131.1,132.55,130.6,131.95,0.45,8602
538,2021-03-26,8134654,1087961095,133.05,134.4,132.55,134.35,2.4,8197
539,2021-03-29,8323344,1128219385,135.2,135.9,135.05,135.45,1.1,7882
540,2021-03-30,4937584,669668601,135.8,135.95,135.2,135.9,0.45,5898
541,2021-03-31,7829355,1057200674,135.8,135.8,134.6,134.75,-1.15,8619
542,2021-04-01,7419804,1007813912,135.7,136.05,135.2,135.75,1.0,6863
543,2021-04-06,9539511,1315017720,138.3,138.3,137.25,137.65,1.9,10501
544,2021-04-07,4477900,616257780,137.7,137.95,137.15,137.8,0.15,6799
545,2021-04-08,6467189,890757368,137.35,138.25,136.65,138.25,0.45,7006
546,2021-04-09,3762585,519688684,138.85,138.9,137.65,137.95,-0.3,5619
547,2021-04-12,6145704,844165036,138.05,138.4,136.65,137.15,-0.8,8315
548,2021-04-13,5823793,804091513,137.2,138.8,137.0,137.15,0.0,6884
549,2021-04-14,6608307,905363241,137.35,137.9,136.05,137.9,0.75,7261
550,2021-04-15,7802826,1080396590,138.05,139.05,137.6,139.05,1.15,7781
551,2021-04-16,11331158,1573488224,138.9,139.25,138.4,139.25,0.2,8180
552,2021-04-19,8221039,1145154942,139.25,139.75,138.65,139.5,0.25,6575
553,2021-04-20,4898074,681738871,138.85,139.55,138.8,139.25,-0.25,6290
554,2021-04-21,8098256,1119460883,138.95,138.95,138.0,138.0,-1.25,10126
555,2021-04-22,4152152,574280227,138.55,139.05,137.7,137.9,-0.1,5322
556,2021-04-23,6127836,848868654,137.9,139.15,137.4,139.15,1.25,5207
557,2021-04-26,12215063,1717301989,140.0,141.35,139.9,141.2,2.05,11503
558,2021-04-27,6750710,953806604,141.2,141.7,140.8,141.25,0.05,5929
559,2021-04-28,3106978,436811318,141.25,141.25,140.2,140.4,-0.85,4480
560,2021-04-29,9026319,1276309167,141.0,142.0,140.6,140.6,0.2,5454
561,2021-05-03,7325314,1015536773,140.4,140.4,138.1,138.25,-2.35,13729
562,2021-05-04,13831267,1893528298,138.25,138.35,135.0,137.05,-1.2,16369
563,2021-05-05,9345225,1276849685,137.05,137.3,135.7,135.75,-1.3,14960
564,2021-05-06,8216084,1121548346,136.3,137.5,135.5,136.95,1.2,9073
565,2021-05-07,7168292,995811085,138.15,139.45,137.95,139.4,2.45,6072
566,2021-05-10,4491095,622306962,139.5,139.5,138.1,138.45,-0.95,6694
567,2021-05-11,26853369,3602198584,135.75,135.8,132.6,133.25,-5.2,37645
568,2021-05-12,40085754,5136665616,132.9,132.9,121.2,129.4,-3.85,47641
569,2021-05-13,28100529,3599079125,126.25,130.0,125.0,127.5,-1.9,30520
570,2021-05-14,15790431,2035292037,128.5,130.25,127.85,128.95,1.45,16237
571,2021-05-17,32505861,4111437455,125.2,128.8,124.7,126.5,-2.45,35528
572,2021-05-18,16612226,2167982126,128.35,132.3,128.0,132.3,5.8,13448
573,2021-05-19,17193723,2261698330,132.2,132.65,130.5,131.4,-0.9,17676
574,2021-05-20,9780505,1274831292,131.35,131.4,129.7,130.5,-0.9,9207
575,2021-05-21,10248024,1358135228,132.5,133.85,131.3,132.35,1.85,7006
576,2021-05-24,10375497,1367233343,131.55,132.65,131.15,132.15,-0.2,8922
577,2021-05-25,10326420,1368221026,132.9,134.65,132.9,134.4,2.25,8064
578,2021-05-26,5246780,705851187,134.85,135.15,133.95,134.5,0.1,5468
579,2021-05-27,5858001,779436245,133.5,133.7,132.35,133.55,-0.95,6872
580,2021-05-28,9754500,1320088577,134.9,135.9,134.3,135.8,2.25,7907
581,2021-05-31,10607435,1451843105,135.8,137.55,135.8,137.1,1.3,7985
582,2021-06-01,5710574,786076633,137.2,138.1,137.2,137.7,0.6,5200
583,2021-06-02,5118006,702947369,137.8,138.0,136.65,137.7,0.0,6240
584,2021-06-03,5137777,708745556,137.95,138.45,137.5,137.6,-0.1,5273
585,2021-06-04,3268847,446605239,137.0,137.0,136.3,136.95,-0.65,5297
586,2021-06-07,10994102,1502787769,137.2,137.4,134.65,137.3,0.35,13872
587,2021-06-08,3021521,413571142,137.3,137.5,136.5,136.5,-0.8,4359
588,2021-06-09,6289449,851835109,136.3,136.3,135.05,135.5,-1.0,8909
589,2021-06-10,6953916,953274453,136.0,137.85,135.8,137.6,2.1,7526
590,2021-06-11,3427869,473613244,138.1,138.5,137.85,138.1,0.5,4811
591,2021-06-15,4126481,572346206,138.6,139.0,138.4,138.85,0.75,6371
592,2021-06-16,7330366,1016261767,138.7,138.95,138.15,138.7,-0.15,7048
593,2021-06-17,3283653,452105710,137.8,138.3,137.15,138.3,-0.4,4057
594,2021-06-18,2249578,310815371,138.85,138.85,137.95,138.0,-0.3,3350
595,2021-06-21,16678832,2255922407,136.9,137.0,134.6,134.7,-3.3,25994
596,2021-06-22,6078865,820657527,135.6,136.05,134.5,134.85,0.15,9047
597,2021-06-23,6517135,887399669,135.0,137.15,134.8,137.05,2.2,5282
598,2021-06-24,6289676,861039047,137.05,137.25,136.45,136.7,-0.35,4263
599,2021-06-25,6623437,911180118,137.45,137.95,136.7,136.95,0.25,6284
600,2021-06-28,4090101,560920233,137.0,137.5,136.5,137.2,0.25,4724
601,2021-06-29,9131032,1259391696,137.9,138.7,137.3,137.6,0.4,5881
602,2021-06-30,9756709,1355932363,138.1,139.35,138.05,138.95,1.35,8757
603,2021-07-01,4680733,649025587,139.0,139.2,138.05,138.3,-0.65,5327
604,2021-07-02,4826430,667110798,138.3,138.5,137.9,138.3,0.0,4137
605,2021-07-05,7881941,1100359360,138.75,140.0,138.75,139.6,1.3,8455
606,2021-07-06,6551731,915548456,139.85,140.05,139.45,139.75,0.15,6171
607,2021-07-07,6776193,942786963,139.6,139.65,138.6,139.0,-0.75,5825
608,2021-07-08,4085141,567119389,139.15,139.5,138.2,138.85,-0.15,4262
609,2021-07-09,7176503,986007526,137.9,137.9,136.95,137.75,-1.1,11004
610,2021-07-12,13736653,1913348729,139.05,140.05,138.55,139.0,1.25,12106
611,2021-07-13,14007902,1968576900,140.0,141.0,139.95,140.15,1.15,12312
612,2021-07-14,9604503,1350159685,140.2,141.1,140.15,140.5,0.35,8329
613,2021-07-15,12338667,1746117456,140.95,141.85,140.8,141.8,1.3,13045
614,2021-07-16,9507234,1327200973,139.8,140.0,139.05,139.9,-1.9,10629
615,2021-07-19,10856715,1500042445,139.0,139.2,137.55,138.3,-1.6,14186
616,2021-07-20,8443543,1160744460,137.8,138.3,137.05,137.2,-1.1,14659
617,2021-07-21,13271874,1813074896,138.0,138.0,136.1,136.7,0.0,20448
618,2021-07-22,6243365,862215168,137.8,138.55,137.25,137.65,0.95,4741
619,2021-07-23,3242961,446860983,138.05,138.3,137.35,137.65,0.0,4939
620,2021-07-26,12149739,1661811908,137.75,138.05,136.25,136.45,-1.2,17915
621,2021-07-27,10677894,1457154226,136.5,137.05,136.05,136.4,-0.05,12162
622,2021-07-28,31583968,4245231662,136.1,136.1,133.75,134.25,-2.15,38726
623,2021-07-29,10889344,1480352131,135.85,136.6,135.25,136.5,2.25,7383
624,2021-07-30,4040055,550974846,136.6,136.6,136.0,136.05,-0.45,4798
625,2021-08-02,7376244,1011342122,137.0,138.0,136.05,137.9,1.85,5273
626,2021-08-03,6224382,859255808,137.95,138.45,137.7,138.45,0.55,5115
627,2021-08-04,5642671,784584423,138.65,139.3,138.45,139.25,0.8,5413
628,2021-08-05,5840987,813087525,139.25,139.45,138.85,139.0,-0.25,6400
629,2021-08-06,4031604,558390394,138.9,139.0,137.8,138.8,-0.2,5590
630,2021-08-09,5186503,714762861,138.2,138.55,136.7,138.4,-0.4,5861
631,2021-08-10,2676946,369136949,138.45,138.5,137.5,137.65,-0.75,6027
632,2021-08-11,3867154,529729666,137.35,137.65,136.6,137.2,-0.45,7131
633,2021-08-12,2376688,325349900,137.2,137.25,136.5,136.95,-0.25,4386
634,2021-08-13,7816273,1061673383,136.6,136.85,135.55,135.65,-1.3,16810
635,2021-08-16,11135323,1506240702,135.5,135.75,134.9,135.35,-0.3,14444
636,2021-08-17,13757654,1854533694,135.4,135.5,134.3,134.35,-1.0,20363
637,2021-08-18,22162774,2958372270,133.6,134.95,132.45,134.9,0.55,20199
638,2021-08-19,28091032,3719709802,134.5,134.5,131.6,131.8,-3.1,41771
639,2021-08-20,16501498,2163648386,132.2,132.8,130.2,130.75,-1.05,20673
640,2021-08-23,6086614,814769062,132.25,134.45,132.15,134.35,3.6,7827
641,2021-08-24,5086550,685956249,135.2,135.35,134.6,134.75,0.4,4866
642,2021-08-25,7031858,954442277,135.15,136.1,135.15,136.05,1.3,6772
643,2021-08-26,7276078,997127716,137.45,138.0,136.35,137.0,0.95,6899
644,2021-08-27,16875047,2328482421,136.7,138.5,136.45,138.15,1.15,9673
645,2021-08-30,21974199,3054444066,138.65,139.5,138.45,139.5,1.35,15333
646,2021-08-31,16604451,2314461154,139.4,140.35,138.1,140.35,0.85,12191
647,2021-09-01,18843757,2654655259,140.15,141.3,140.05,141.0,0.65,13396
648,2021-09-02,7218178,1015442778,140.9,141.4,139.9,139.9,-1.1,6517
649,2021-09-03,11543959,1634417680,140.65,142.1,140.45,141.9,2.0,10027
650,2021-09-06,14283400,2037715398,141.9,143.5,141.6,142.55,0.65,14230
651,2021-09-07,8413574,1194822412,142.8,142.8,141.45,141.9,-0.65,7538
652,2021-09-08,7239389,1019366042,141.75,142.0,139.95,140.65,-1.25,9015
653,2021-09-09,3194199,447668012,139.65,141.0,139.3,140.3,-0.35,4400
654,2021-09-10,3165128,448120950,140.7,142.1,140.5,141.95,1.65,5203
655,2021-09-13,3348806,473494037,141.85,141.85,141.15,141.45,-0.5,3899
656,2021-09-14,2513428,356460422,141.85,142.2,141.35,141.6,0.15,2824
657,2021-09-15,12135597,1709846643,141.3,141.45,140.4,140.75,-0.85,12872
658,2021-09-16,8202035,1150003927,140.8,141.0,139.75,140.1,-0.65,6836
659,2021-09-17,3858456,541563536,140.1,141.05,139.5,140.5,0.4,3815
660,2021-09-22,25084805,3435002639,137.1,137.6,136.3,137.2,-3.3,28707
661,2021-09-23,5915660,816669288,138.0,138.5,137.6,138.0,0.8,5666
662,2021-09-24,6297547,877424900,138.8,139.65,138.7,139.65,1.65,4748
663,2021-09-27,11877695,1660910631,139.85,140.35,139.2,140.0,0.35,6647
664,2021-09-28,17896339,2484681382,139.25,139.35,138.25,139.0,-1.0,6867
665,2021-09-29,31469085,4284361418,136.9,136.9,135.45,136.0,-3.0,43917
666,2021-09-30,16919613,2303685576,136.3,137.1,135.2,137.05,1.05,9983
667,2021-10-01,28939270,3888671030,136.3,136.3,133.65,133.95,-3.1,44143
668,2021-10-04,24299469,3240409636,134.7,134.8,132.85,133.15,-0.8,27766
669,2021-10-05,28469257,3753464098,132.0,133.0,130.9,132.95,-0.2,36809
670,2021-10-06,22785877,3024603640,134.0,134.0,132.0,133.0,0.05,24818
671,2021-10-07,13826376,1866323932,134.05,135.6,133.95,135.35,2.35,9745
672,2021-10-08,7988089,1075930310,135.65,135.65,133.95,134.2,-1.15,9574
673,2021-10-12,11588565,1533572691,132.7,133.15,131.6,132.85,-1.35,16091
674,2021-10-13,5741940,761389812,133.4,133.6,132.15,132.4,-0.45,9324
675,2021-10-14,3441729,457703545,133.5,133.7,132.5,132.75,0.35,5211
676,2021-10-15,13728479,1862428212,134.65,136.35,134.3,136.25,3.5,11985
677,2021-10-18,5450752,743028806,136.7,136.9,135.6,135.85,-0.4,6738
678,2021-10-19,8666121,1186479700,136.2,137.25,136.05,136.95,1.1,5866
679,2021-10-20,14674356,2008846387,137.05,137.3,136.45,136.6,-0.35,11922
680,2021-10-21,13292564,1823893063,136.7,137.8,136.1,136.1,-0.5,9180
681,2021-10-22,5321361,725081014,136.25,136.75,135.65,136.5,0.4,4657
682,2021-10-25,7522325,1022937288,136.0,136.7,135.2,136.4,-0.1,7124
683,2021-10-26,10797704,1483480452,136.65,137.75,136.6,137.55,1.15,9789
684,2021-10-27,7527789,1031896075,136.95,137.55,136.7,137.55,0.0,5876
685,2021-10-28,4597622,630055512,137.45,137.65,136.6,137.15,-0.4,5081
686,2021-10-29,5145743,699434063,137.05,137.05,135.35,135.8,-1.35,6484
687,2021-11-01,3142335,428929269,136.2,136.75,136.2,136.5,0.7,3530
688,2021-11-02,4154241,569049842,136.8,137.65,136.15,136.25,-0.25,5150
689,2021-11-03,2399598,328234276,136.4,137.0,136.4,136.6,0.35,2724
690,2021-11-04,2662461,364046342,137.25,137.5,136.15,136.15,-0.45,4093
691,2021-11-05,11655592,1603293234,137.1,138.2,136.8,138.1,1.95,11698
692,2021-11-08,7721327,1072307464,138.2,139.2,138.2,139.2,1.1,8260
693,2021-11-09,12860159,1810403187,140.15,141.2,140.1,140.7,1.5,11831
694,2021-11-10,5594835,785319940,140.65,140.65,140.0,140.5,-0.2,7203
695,2021-11-11,4600441,640820755,139.1,139.75,138.8,139.25,-1.25,4898
696,2021-11-12,5886568,825588673,139.9,140.8,139.5,139.7,0.45,5407
697,2021-11-15,6780991,955946488,140.55,141.25,140.55,140.95,1.25,8393
698,2021-11-16,6013400,849180129,140.95,141.45,140.8,141.2,0.25,6529
699,2021-11-17,27642686,3911651162,141.3,141.7,141.15,141.65,0.45,21969
700,2021-11-18,6242847,887241873,141.75,142.55,141.65,142.45,0.8,7912
701,2021-11-19,6253607,894594272,143.5,143.55,142.65,142.8,0.35,7531
702,2021-11-22,3868526,551655567,142.7,142.9,142.4,142.45,-0.35,6318
703,2021-11-23,4701595,664821080,142.0,142.0,141.05,141.1,-1.35,6686
704,2021-11-24,3224697,453478983,141.1,141.15,140.15,140.5,-0.6,5362
705,2021-11-25,2612776,366609846,140.5,140.9,140.0,140.45,-0.05,4293
706,2021-11-26,12594105,1745167285,139.55,139.85,137.95,138.15,-2.3,22155
707,2021-11-29,11534852,1593014716,137.6,138.8,137.5,138.15,0.0,10364
708,2021-11-30,10539304,1460465604,138.8,139.6,137.85,138.0,-0.15,8776
709,2021-12-01,4329326,603377795,138.1,140.5,138.05,140.3,2.3,5203
710,2021-12-02,9133260,1292045173,140.1,141.95,139.7,141.8,1.5,9601
711,2021-12-03,4946614,700928903,141.95,142.15,141.1,141.75,-0.05,4496
712,2021-12-06,4060985,573477544,140.7,141.9,140.0,141.35,-0.4,7070
713,2021-12-07,3157948,444889939,141.35,141.8,140.35,141.8,0.45,4881
714,2021-12-08,11183297,1596995575,143.1,143.6,142.3,142.35,0.55,9108
715,2021-12-09,4675110,664504401,142.45,142.65,141.7,142.0,-0.35,4259
716,2021-12-10,3436577,487665365,141.8,142.1,141.35,141.95,-0.05,4855
717,2021-12-13,4759881,676100133,142.2,142.45,141.5,141.5,-0.45,5027
718,2021-12-14,5027334,705014383,140.35,140.7,139.95,140.1,-1.4,9424
719,2021-12-15,10117615,1416798965,140.1,140.6,139.7,140.3,0.2,11074
720,2021-12-16,5763811,816635782,141.35,142.05,141.15,142.05,1.75,6419
721,2021-12-17,4979845,706093154,141.55,142.0,141.2,141.9,-0.15,5392
722,2021-12-20,4582532,645465862,141.8,141.85,140.3,140.65,-1.25,7866
723,2021-12-21,6716896,951161400,140.7,141.95,140.7,141.85,1.2,4760
724,2021-12-22,4146304,588113850,141.95,142.0,141.65,141.85,0.0,3235
725,2021-12-23,14116987,2012988793,142.75,143.2,142.25,142.65,0.8,5310
726,2021-12-24,12807935,1835254135,143.0,143.6,142.95,143.05,0.4,8437
727,2021-12-27,6838963,984397159,143.2,144.25,143.1,144.15,1.1,8693
728,2021-12-28,22888176,3315969575,144.3,145.3,144.3,145.3,1.15,9328
729,2021-12-29,22807731,3319821967,145.45,146.15,145.05,145.95,0.65,7510
730,2021-12-30,6421410,935379902,145.95,146.0,145.35,145.5,-0.45,5369
731,2022-01-03,7064552,1034974917,146.0,147.35,146.0,146.4,0.9,8298
732,2022-01-04,10122789,1507398153,147.7,149.6,147.7,149.6,3.2,10438
733,2022-01-05,11730618,1755680824,150.1,150.55,149.1,149.3,-0.3,12614
734,2022-01-06,9085138,1342084958,148.3,148.75,147.0,147.9,-1.4,13496
735,2022-01-07,7435645,1095365963,148.3,149.0,146.5,146.6,-1.3,12008