Date,Open,Close,High,Low,Turnover
2019-01-02,0.06131479140328691,0.06785934608266503,0.061596480201131426,0.08185705558949302,0.1073800954908689
2019-01-03,0.03539823008849554,0.059222702035780346,0.03771213073538655,0.07330482590103848,0.17582062488887196
2019-01-04,0.022756005056889978,0.04503392967304141,0.022627278441231892,0.05803298717165547,0.28667079251027805
2019-01-07,0.03223767383059415,0.066625539790253,0.03834066624764295,0.07330482590103848,0.19488804022535958
2019-01-08,0.0398230088495576,0.06292412091301676,0.039597737272155945,0.07697006719609038,0.14213987888550333
2019-01-09,0.03729456384323645,0.07958050586057992,0.05216844751728479,0.08185705558949302,0.15084772058350385
2019-01-10,0.048040455120101105,0.07711289327575571,0.04902576995600258,0.0885766646304215,0.02305395334597173
2019-01-11,0.054361567635903885,0.08574953732264039,0.05971087366436203,0.09651802076970074,0.1363556406538022
2019-01-14,0.05625790139064479,0.07958050586057992,0.055939660590823406,0.09163103237629812,0.06005680635771748
2019-01-15,0.051201011378002495,0.08760024676125859,0.06033940917661843,0.09529627367135,0.1585862396493936
2019-01-16,0.05878634639696594,0.0863664404688464,0.05908233815210562,0.09896151496640189,0.211209916393985
2019-01-17,0.05815423514538552,0.0863664404688464,0.061596480201131426,0.09651802076970074,0.13133311533182962
2019-01-18,0.06005056890012642,0.09130166563849483,0.06411062225015705,0.09957238851557736,0.10604564737317024
2019-01-21,0.06763590391908969,0.0980876002467613,0.07165304839723446,0.10995723885155774,0.13987068711280373
2019-01-22,0.04298356510745899,0.06785934608266503,0.042740414833438156,0.08002443494196698,0.1108920631900384
2019-01-23,0.03792667509481669,0.06354102405922278,0.03771213073538655,0.07819181429444112,0.07497632319051327
2019-01-24,0.03729456384323645,0.06785934608266503,0.039597737272155945,0.0794135613927917,0.03255328701670287
2019-01-25,0.045512010113779956,0.07958050586057992,0.05153991200502821,0.08918753817959679,0.08992833251240542
2019-01-28,0.05246523388116316,0.08143121529919814,0.055939660590823406,0.09529627367135,0.038301301674468394
2019-01-29,0.044247787610619475,0.07341147439851947,0.044626021370207374,0.08491142333536962,0.04640315585262877
2019-01-30,0.044247787610619475,0.07156076495990127,0.04588309239472037,0.08491142333536962,0.05873973023608452
2019-02-11,0.05499367888748413,0.08143121529919814,0.058453802639849214,0.09285277947464868,0.07995775461538873
2019-02-12,0.05499367888748413,0.08760024676125859,0.05971087366436203,0.09896151496640189,0.07360549481394262
2019-02-13,0.06257901390644757,0.08574953732264039,0.062225015713387836,0.09957238851557736,0.04353331019465727
2019-02-14,0.056890012642225034,0.08266502159161015,0.05971087366436203,0.09773976786805132,0.03573752159451131
2019-02-15,0.054361567635903885,0.08019740900678594,0.05782526712759263,0.09346365302382414,0.033659367236309745
2019-02-18,0.056890012642225034,0.08760024676125859,0.061596480201131426,0.10079413561392793,0.08030099934711529
2019-02-19,0.05941845764854618,0.08574953732264039,0.05908233815210562,0.10079413561392793,0.02411823855297509
2019-02-20,0.06194690265486733,0.09623689080814309,0.06913890634820867,0.10568112400733055,0.5008486637276531
2019-02-21,0.06826801517067012,0.10549043800123377,0.0766813324952859,0.11178985949908377,0.26558909870243447
2019-02-22,0.07522123893805314,0.10363972856261575,0.07479572595851668,0.11301160659743434,0.131731693051333
2019-02-25,0.08027812895069526,0.1104256631708822,0.08485229415461973,0.12278558338423944,0.2790899331990672
2019-02-26,0.08407079646017707,0.11289327575570643,0.08548082966687613,0.12278558338423944,0.22599446065754716
2019-02-27,0.08470290771175731,0.11227637260950042,0.08422375864236331,0.12339645693341472,0.1797100652432862
2019-03-04,0.0828065739570164,0.10363972856261575,0.08233815210559392,0.11545510079413565,0.11068835254254755
2019-03-05,0.07079646017699108,0.10117211597779152,0.07416719044626027,0.11240073304825905,0.12412317428713911
2019-03-06,0.07395701643489247,0.10363972856261575,0.0760527969830295,0.11606597434331094,0.27980171974300067
2019-03-07,0.0745891276864729,0.0999383096853795,0.0760527969830295,0.11423335369578491,0.258870810394495
2019-03-08,0.06573957016434896,0.09191856878470084,0.06725329981143927,0.10445937690897981,0.13165963662412586
2019-03-11,0.06131479140328691,0.09376927822331904,0.06473915776241364,0.10323762981062924,0.051166643489394543
2019-03-12,0.07395701643489247,0.10734114743985199,0.0810810810810811,0.11667684789248622,0.19347012029032992
2019-03-13,0.07648546144121363,0.10549043800123377,0.07793840351979889,0.11667684789248622,0.1362533446288813
2019-03-14,0.07964601769911502,0.10487353485502776,0.0804525455688247,0.11850946854001226,0.06097924310514016
2019-03-15,0.08027812895069526,0.11165946946329423,0.08422375864236331,0.12095296273671358,0.15779073138557242
2019-03-18,0.08533501896333755,0.11782850092535468,0.08925204274041475,0.12706169822846677,0.17010585064285474
2019-03-19,0.08975979772439943,0.1215299198025911,0.09302325581395354,0.12950519242516792,0.11460748984912375
2019-03-20,0.09292035398230082,0.12276372609500312,0.09490886235072277,0.13378130726939527,0.16565020150390874
2019-03-21,0.09860935524652335,0.13078346699568177,0.10245128849780018,0.1392791692119732,0.15868766577541457
2019-03-22,0.10745891276864729,0.13325107958050583,0.10936517913262102,0.14416615760537566,0.09035232928863705
2019-03-25,0.08975979772439943,0.11844540407156087,0.09239472030169696,0.13133781307269396,0.08997062376008591
2019-03-26,0.09481668773704173,0.12461443553362134,0.09679446888749217,0.13622480146609658,0.02329998439644136
2019-03-27,0.09418457648546148,0.12276372609500312,0.09679446888749217,0.13378130726939527,0.021017381583200455
2019-03-28,0.09228824273072057,0.12276372609500312,0.09553739786297917,0.13317043372022,0.03436210512600001
2019-03-29,0.09734513274336287,0.13078346699568177,0.10245128849780018,0.13439218081857057,0.07013501926927809
2019-04-01,0.11378002528445007,0.1394201110425663,0.11816467630421124,0.15088576664630415,0.1570553962857144
2019-04-02,0.11504424778761056,0.1431215299198027,0.11879321181646765,0.15699450213805735,0.07044785363654378
2019-04-03,0.11883691529709237,0.1431215299198027,0.11879321181646765,0.1551618814905315,0.09044142014512292
2019-04-08,0.12389380530973448,0.1523750771128934,0.12570710245128847,0.16432498472816132,0.10938456746856157
2019-04-09,0.1257901390644754,0.15854410857495385,0.13073538654934008,0.16615760537568716,0.22709763010737402
2019-04-10,0.1276864728192161,0.15977791486736587,0.1326209930861093,0.16921197312156377,0.15642090420591165
2019-04-11,0.1308470290771175,0.1554595928439236,0.1326209930861093,0.16676847892486263,0.1144831387335579
2019-04-12,0.12831858407079655,0.15484268969771742,0.1294783155248271,0.1679902260232132,0.10187430443961916
2019-04-15,0.13463969658659933,0.1640962368908081,0.13827781269641734,0.1747098350641417,0.10587138238693707
2019-04-16,0.1371681415929203,0.16718075262183835,0.14016341923318673,0.1777642028100183,0.10756244839484932
2019-04-17,0.14285714285714282,0.17520049352251701,0.14959145191703335,0.1838729383017715,0.36039926595907806
2019-04-18,0.1504424778761063,0.174583590376311,0.1552482715273412,0.18570555894929755,0.32166779570856785
2019-04-19,0.15486725663716816,0.175817396668723,0.1571338780641106,0.18875992669517414,0.18722179615224643
2019-04-22,0.15170670037926676,0.174583590376311,0.152105593966059,0.18814905314599886,0.02846752599040438
2019-04-23,0.14791403286978513,0.17890191239975325,0.15336266499057197,0.18692730604764812,0.0801072284746513
2019-04-24,0.15676359039190907,0.18075262183837146,0.157762413576367,0.19120342089187548,0.03255794988107516
2019-04-25,0.15297092288242725,0.18322023442319568,0.1565053425518542,0.19242516799022605,0.03950645953106893
2019-04-26,0.1491782553729456,0.17149907464528077,0.14833438089252038,0.18265119120342094,0.04359819144345538
2019-04-29,0.14664981036662447,0.175817396668723,0.15021998742928977,0.18631643249847282,0.03307512262725401
2019-04-30,0.1491782553729456,0.175817396668723,0.14959145191703335,0.18509468540012225,0.034464883105851774
2019-05-02,0.1510745891276865,0.17828500925354723,0.1565053425518542,0.19120342089187548,0.08271438330837419
2019-05-03,0.15297092288242725,0.18753855644663792,0.16090509113764923,0.19364691508857662,0.48328350072066406
2019-05-06,0.14664981036662447,0.16964836520666257,0.14582023884349457,0.1808185705558949,0.1030343306878129
2019-05-07,0.1472819216182049,0.18013571869216544,0.1546197360150848,0.18814905314599886,0.2119807787123209
2019-05-08,0.14412136536030348,0.1727328809376928,0.14896291640477677,0.18326206475259624,0.20344169759923822
2019-05-09,0.1409608091024021,0.1603948180135719,0.14079195474544312,0.17104459376908981,0.093346108367901
2019-05-10,0.13337547408343867,0.15977791486736587,0.14016341923318673,0.16676847892486263,0.17182122740948966
2019-05-13,0.1276864728192161,0.1431215299198027,0.1269641734758013,0.15699450213805735,0.2793997742890421
2019-05-14,0.10872313527180777,0.13695249845774224,0.11376492771841604,0.1423335369578498,0.30123004406554393
2019-05-15,0.1093552465233882,0.13818630475015425,0.11313639220615963,0.1490531459987783,0.25424929954028946
2019-05-16,0.10745891276864729,0.1295496607032696,0.10810810810810802,0.14355528405620038,0.24997962173567725
2019-05-17,0.10745891276864729,0.1196792103639729,0.10747957259585161,0.13439218081857057,0.349040569205259
2019-05-20,0.09481668773704173,0.11906230721776688,0.09805153991200498,0.13317043372022,0.2036645850945935
2019-05-21,0.08849557522123895,0.1215299198025911,0.09365179132620996,0.12767257177764207,0.28825388732520696
2019-05-22,0.09102402022756009,0.1215299198025911,0.09616593337523575,0.13255956017104453,0.14530160041631482
2019-05-23,0.08659924146649804,0.10363972856261575,0.08610936517913254,0.11728772144166151,0.3739211888597989
2019-05-24,0.07648546144121363,0.108574953732264,0.08170961659333752,0.11912034208918755,0.07354266316278053
2019-05-27,0.08217446270543616,0.10610734114743996,0.08170961659333752,0.11728772144166151,0.15775053118761873
2019-05-28,0.07901390644753477,0.10549043800123377,0.0785669390320553,0.11728772144166151,0.13110811715154666
2019-05-29,0.0695322376738306,0.10117211597779152,0.07291011942174729,0.11056811240073303,0.12799334001435522
2019-05-30,0.07269279393173199,0.10919185687847019,0.08170961659333752,0.11606597434331094,0.09859733300635606
2019-05-31,0.08027812895069526,0.12214682294879711,0.09365179132620996,0.12278558338423944,0.09835839383344322
2019-06-03,0.09102402022756009,0.12338062924120913,0.09616593337523575,0.12706169822846677,0.07455285557302878
2019-06-04,0.09418457648546148,0.11721159777914868,0.09553739786297917,0.13133781307269396,0.09336135698557581
2019-06-05,0.0992414664981036,0.12029611351017891,0.09993714644877438,0.13439218081857057,0.09109884832125087
2019-06-06,0.08470290771175731,0.11289327575570643,0.08610936517913254,0.12461820403176546,0.0960965789462163
2019-06-10,0.09671302149178264,0.1295496607032696,0.10119421747328719,0.13561392791692115,0.10104798795059995
2019-06-11,0.10366624525916565,0.13386798272671202,0.11062225015713383,0.14416615760537566,0.14868292996726268
2019-06-12,0.10619469026548681,0.13756940160394826,0.11062225015713383,0.14660965180207697,0.1273611006275997
2019-06-13,0.10619469026548681,0.1295496607032696,0.10747957259585161,0.14294441050702508,0.07413102541229706
2019-06-14,0.10113780025284451,0.12769895126465156,0.10245128849780018,0.14111178985949907,0.030764379001105294
2019-06-17,0.09418457648546148,0.12523133867982733,0.09993714644877438,0.13255956017104453,0.07702392656448197
2019-06-18,0.09860935524652335,0.12769895126465156,0.10056568196103079,0.13866829566279773,0.026394279440747796
2019-06-19,0.11378002528445007,0.15052436767427518,0.12319296040226267,0.1551618814905315,0.32914915750682266
2019-06-20,0.12326169405815425,0.1517581739666872,0.12570710245128847,0.16371411117898604,0.1669743425294892
2019-06-21,0.1276864728192161,0.1517581739666872,0.12822124450031427,0.1655467318265119,0.2278082234657667
2019-06-24,0.12389380530973448,0.15607649599012963,0.13199245757385292,0.16432498472816132,0.24839892955532963
2019-06-25,0.12831858407079655,0.15052436767427518,0.13073538654934008,0.16310323762981058,0.1088816572166352
2019-06-26,0.12136536030341334,0.14558914250462673,0.12067881835323686,0.1588271227855834,0.07553917832240058
2019-06-27,0.1207332490518331,0.15977791486736587,0.13324952859836572,0.16249236408063528,0.22888610674355817
2019-06-28,0.13211125158027817,0.1523750771128934,0.1326209930861093,0.16615760537568716,0.04455983512533637
2019-07-01,0.13969658659924145,0.17396668723010497,0.14833438089252038,0.1808185705558949,0.20680770534676252
2019-07-02,0.1472819216182049,0.17149907464528077,0.14707730986800754,0.18509468540012225,0.06646770063738452
2019-07-03,0.14348925410872307,0.15977791486736587,0.14267756128221235,0.1722663408674404,0.12072849537794769
2019-07-04,0.13653603034134004,0.16594694632942633,0.14079195474544312,0.1777642028100183,0.07518794384893121
2019-07-05,0.1403286978508217,0.1647131400370143,0.14267756128221235,0.1777642028100183,0.007444611247260999
2019-07-08,0.13653603034134004,0.16101172115977788,0.13827781269641734,0.17287721441661585,0.04379350715005785
2019-07-09,0.1359039190897598,0.15977791486736587,0.13513513513513511,0.17287721441661585,0.047267831392431604
2019-07-10,0.13843236409608095,0.16841455891425053,0.14142049025769954,0.17837507635919359,0.05329376486524286
2019-07-11,0.1472819216182049,0.17643429981492903,0.15147705845380258,0.18631643249847282,0.15182672634468244
2019-07-12,0.14981036662452585,0.17520049352251701,0.1508485229415462,0.18875992669517414,0.030057909233234294
2019-07-15,0.14981036662452585,0.18075262183837146,0.1552482715273412,0.18326206475259624,0.13503220312375253
2019-07-16,0.1542351453855879,0.1826033312769895,0.1565053425518542,0.19425778863775206,0.07222346743112859
2019-07-17,0.15486725663716816,0.175817396668723,0.15399120050282838,0.1899816737935247,0.15558977411764463
2019-07-18,0.14664981036662447,0.174583590376311,0.15021998742928977,0.1875381795968234,0.10505975362318752
2019-07-19,0.15170670037926676,0.17828500925354723,0.1565053425518542,0.19242516799022605,0.1426882872695864
2019-07-22,0.15297092288242725,0.18322023442319568,0.1571338780641106,0.19364691508857662,0.11966808901562867
2019-07-23,0.15929203539823003,0.1856878470080197,0.1621621621621622,0.19853390348197925,0.07913322691300388
2019-07-24,0.16118836915297094,0.1850709438618137,0.1621621621621622,0.19914477703115452,0.037074387023608074
2019-07-25,0.15865992414664978,0.18815545959284394,0.16090509113764923,0.19731215638362867,0.06306464781085315
2019-07-26,0.15676359039190907,0.18136952498457745,0.15587680703959778,0.19486866218692736,0.03294595910245253
2019-07-29,0.15297092288242725,0.18383713756940168,0.1565053425518542,0.19303604153940132,0.03146102720182547
2019-07-30,0.15929203539823003,0.18075262183837146,0.15964802011313642,0.19486866218692736,0.015683789062042045
2019-07-31,0.15360303413400767,0.175817396668723,0.15273412947831558,0.18570555894929755,0.03240012471470395
2019-08-01,0.14159292035398235,0.16964836520666257,0.14519170333123815,0.1814294441050702,0.06349862283917197
2019-08-02,0.1270543615676359,0.1529919802590994,0.12822124450031427,0.16310323762981058,0.2514614163675403
2019-08-05,0.122629582806574,0.1431215299198027,0.12382149591451908,0.15455100794135623,0.3099714696921406
2019-08-06,0.09671302149178264,0.14250462677359652,0.11879321181646765,0.13744654856444716,0.37158661722319986
2019-08-07,0.11567635903919098,0.13756940160394826,0.11565053425518544,0.15027489309712888,0.24810367464291883
2019-08-08,0.11441213653603031,0.14929056138186317,0.12319296040226267,0.15577275503970678,0.06165458969125749
2019-08-12,0.12199747155499376,0.14867365823565698,0.12382149591451908,0.15760537568723282,0.03187969450853146
2019-08-13,0.11567635903919098,0.13756940160394826,0.11502199874292902,0.15027489309712888,0.09885587524982734
2019-08-14,0.122629582806574,0.14497223935842074,0.12319296040226267,0.1594379963347587,0.09926156547376518
2019-08-15,0.10366624525916565,0.13386798272671202,0.10810810810810802,0.14477703115455096,0.23255271513651865
2019-08-16,0.10682680151706704,0.14558914250462673,0.11753614079195465,0.14660965180207697,0.07880111434850354
2019-08-19,0.12326169405815425,0.15114127082048118,0.12445003142677567,0.1594379963347587,0.08476154955120395
2019-08-20,0.12452591656131473,0.1536088834053054,0.1269641734758013,0.1655467318265119,0.0483163711516771
2019-08-21,0.1257901390644754,0.15484268969771742,0.12759270898805788,0.16676847892486263,0.07915439246954806
2019-08-22,0.13021491782553726,0.1523750771128934,0.1338780641106223,0.1655467318265119,0.13255465172266515
2019-08-23,0.12515802781289515,0.1536088834053054,0.1269641734758013,0.16493585827733662,0.03276566075449221
2019-08-26,0.11125158027812893,0.13695249845774224,0.11439346323067244,0.15088576664630415,0.1757004124373153
2019-08-27,0.11567635903919098,0.1394201110425663,0.11565053425518544,0.1527183872938302,0.02143785334503444
2019-08-28,0.11504424778761056,0.14620604565083292,0.12005028284098046,0.15699450213805735,0.03411664329802075
2019-08-29,0.11946902654867261,0.14805675508945096,0.12067881835323686,0.15577275503970678,0.03268446067040325
2019-08-30,0.12831858407079655,0.1640962368908081,0.1370207416719045,0.16982284667073924,0.29486631552176146
2019-09-02,0.13653603034134004,0.1647131400370143,0.13827781269641734,0.17593158216249244,0.08605978044169857
2019-09-03,0.1371681415929203,0.15607649599012963,0.13827781269641734,0.17043372021991451,0.0631981405999472
2019-09-04,0.13211125158027817,0.16779765576804453,0.14079195474544312,0.17287721441661585,0.1560573691715956
2019-09-05,0.14601769911504422,0.17828500925354723,0.15336266499057197,0.18692730604764812,0.3997756958348175
2019-09-06,0.15486725663716816,0.1844540407156077,0.157762413576367,0.19547953573610263,0.26634095731967744
2019-09-09,0.1605562579013907,0.18815545959284394,0.16341923318667503,0.20036652412950529,0.19117931611151442
2019-09-10,0.1637168141592921,0.18322023442319568,0.16279069767441862,0.19486866218692736,0.06685166322236087
2019-09-11,0.16118836915297094,0.18383713756940168,0.1621621621621622,0.19609040928527793,0.059852277775191684
2019-09-12,0.1656131479140328,0.18938926588525612,0.16656191074795723,0.20158827122785586,0.13589165173341214
2019-09-16,0.16434892541087232,0.19555829734731658,0.16907605279698304,0.20403176542455717,0.16379118134266257
2019-09-17,0.16940581542351463,0.19370758790869838,0.16907605279698304,0.20708613317043376,0.06426009992815457
2019-09-18,0.16940581542351463,0.20234423195558304,0.17598994343180388,0.20891875381795963,0.2673247604166041
2019-09-19,0.17635903919089765,0.1961752004935226,0.17787554996857327,0.2095296273671351,0.11191800580809322
2019-09-20,0.172566371681416,0.19925971622455282,0.17473287240729105,0.21258399511301168,0.11962888029615211
2019-09-23,0.172566371681416,0.1967921036397286,0.17410433689503446,0.21075137446548567,0.05455645286876594
2019-09-24,0.1706700379266751,0.1986428130783468,0.17410433689503446,0.20891875381795963,0.06265511245924259
2019-09-25,0.1687737041719342,0.19185687847008018,0.16781898177247004,0.20342089187538187,0.046692873440054045
2019-09-26,0.17003792667509487,0.19432449105490437,0.17221873035826527,0.20647525962125848,0.068233119994337
2019-09-27,0.1757269279393174,0.19802590993214061,0.1785040854808297,0.21075137446548567,0.13045976380992974
2019-10-01,0.17446270543615675,0.21468229487970397,0.18856065367693273,0.21441661576053755,0.1442110240719943
2019-10-02,0.18457648546144115,0.21098087600246773,0.18730358265241992,0.22419059254734264,0.07735334533808888
2019-10-03,0.16940581542351463,0.20049352251696484,0.1772470144563167,0.20830788026878433,0.06310883494626374
2019-10-04,0.17951959544879903,0.20481184454040727,0.18101822752985547,0.21380574221136225,0.0444784864880609
2019-10-07,0.18204804045512019,0.2085132634176435,0.1841609050911377,0.21930360415394018,0.05137997677366764
2019-10-08,0.18773704171934255,0.22146822948797043,0.19610307982400996,0.22724496029321925,0.19026547125199508
2019-10-09,0.19152970922882437,0.21283158544108577,0.19107479572595854,0.22663408674404398,0.09918783132772668
2019-10-14,0.20227560050568902,0.23442319555829735,0.2080452545568824,0.24129505192425169,0.14561493161366357
2019-10-15,0.20922882427307204,0.23627390499691556,0.21181646763042103,0.2449602932193036,0.0572941780200165
2019-10-16,0.21491782553729458,0.2412091301665638,0.2155876807039598,0.25167990226023207,0.05075050833026155
2019-10-17,0.21554993678887482,0.24182603331277,0.2155876807039598,0.2510690287110568,0.025576447738536186
2019-10-18,0.21681415929203549,0.2393584207279458,0.22187303582652423,0.25229077580940756,0.030425774325184347
2019-10-21,0.21428571428571433,0.2381246144355336,0.21370207416719042,0.2504581551618815,0.0
2019-10-22,0.21744627054361573,0.2486119679210365,0.22375864236329346,0.2559560171044594,0.03842513870477467
2019-10-23,0.2237673830594185,0.24552745219000624,0.22375864236329346,0.25717776420281,0.026548066102467852
2019-10-24,0.2237673830594185,0.2498457742134485,0.22375864236329346,0.25962125839951133,0.026583878527197027
2019-10-25,0.2300884955752213,0.2498457742134485,0.22878692646134507,0.2608430054978619,0.12182423181339429
2019-10-28,0.23072060682680154,0.25478099938309695,0.23004399748585788,0.2657299938912645,0.06980800154356956
2019-10-29,0.23388116308470291,0.25786551511412714,0.23444374607165308,0.2700061087354917,0.11281520537231504
2019-10-30,0.2332490518331227,0.2628007402837754,0.23695788812067872,0.2693952351863164,0.07683934179266737
2019-10-31,0.23893805309734523,0.26588525601480567,0.24638592080452534,0.27672571777642035,0.15059620437024904
2019-11-01,0.2402022756005057,0.26588525601480567,0.24135763670647392,0.2748930971288943,0.03129044847663965
2019-11-04,0.24715549936788872,0.2917951881554597,0.267127592708988,0.28466707391569945,0.1032666103542592
2019-11-05,0.27054361567635915,0.3004318322023444,0.27529855436832185,0.30665852168601093,0.05407749637190972
2019-11-06,0.27749683944374215,0.3059839605181986,0.2809553739786297,0.31154551007941356,0.0641430457689103
2019-11-07,0.28065739570164355,0.29981492905613816,0.27906976744186046,0.30665852168601093,0.03731226887070345
2019-11-08,0.2781289506953224,0.2961135101789019,0.27718416090509107,0.3072693952351864,0.034329529732722144
2019-11-11,0.27054361567635915,0.27884022208513276,0.26964173475801384,0.2907758094074526,0.08749268520837092
2019-11-12,0.2597977243994943,0.28932757557063543,0.26398491514770583,0.29688454489920585,0.0253562161520201
2019-11-13,0.2597977243994943,0.282541640962369,0.2595851665619108,0.2907758094074526,0.01630388358121047
2019-11-14,0.2604298356510745,0.28192473781616295,0.26147077309868,0.29260843005497866,0.020675856220731384
2019-11-15,0.26548672566371684,0.29302899444787167,0.27027027027027023,0.30238240684178375,0.02715989856544076
2019-11-18,0.2718078381795196,0.3004318322023444,0.27529855436832185,0.3072693952351864,0.019566097475156287
2019-11-19,0.2768647281921619,0.30906847624922884,0.2840980515399119,0.310323762981063,0.03344518626669734
2019-11-20,0.28571428571428564,0.3047501542257866,0.2840980515399119,0.31582162492364074,0.12834940355723065
2019-11-21,0.2692793931731985,0.2954966070326959,0.2708988057825266,0.29993891264508243,0.041263693389275824
2019-11-22,0.27243994943109984,0.2961135101789019,0.27341294783155246,0.3072693952351864,0.00887456399039795
2019-11-25,0.2781289506953224,0.2967304133251079,0.27781269641734746,0.30910201588271224,0.027641140480679022
2019-11-26,0.27749683944374215,0.29981492905613816,0.2803268384663733,0.3121563836285889,0.05178435044746923
2019-11-27,0.2762326169405815,0.3041332510795806,0.27906976744186046,0.31154551007941356,0.017311435949448523
2019-11-28,0.2812895069532238,0.30104873534855037,0.27969830295411685,0.3121563836285889,0.006151396654754633
2019-11-29,0.2762326169405815,0.283158544108575,0.27467001885606523,0.2956627978008553,0.07856638444698895
2019-12-02,0.2648546144121366,0.2899444787168415,0.2658705216844752,0.29932803909590716,0.018938961058942425
2019-12-03,0.2616940581542352,0.2899444787168415,0.2664990571967316,0.2974954184483811,0.006961987132881497
2019-12-04,0.26359039190897593,0.2856261566933992,0.262727844123193,0.29505192425168,0.02322707592051693
2019-12-05,0.2699115044247787,0.3004318322023444,0.2765556253928347,0.3048259010384851,0.04453412015224725
2019-12-06,0.28192161820480405,0.30228254164096235,0.2828409805153991,0.31154551007941356,0.0439635118927046
2019-12-09,0.28065739570164355,0.30968537939543506,0.2866121935889377,0.3170433720219915,0.03527302434058717
2019-12-10,0.2831858407079647,0.30166563849475636,0.28158390949088624,0.3121563836285889,0.08211295492351177
2019-12-11,0.2781289506953224,0.31091918568784704,0.2859836580766813,0.3139890042761149,0.01712101377124493
2019-12-12,0.29519595448798985,0.3368291178285009,0.315524827152734,0.3310934636530238,0.14091501720398023
2019-12-13,0.3255372945638433,0.349784083898828,0.3318667504714017,0.359804520464264,0.0943608299644872
2019-12-16,0.3280657395701644,0.3491671807526218,0.32746700188560646,0.35919364691508865,0.06734429216576615
2019-12-17,0.3255372945638433,0.36520666255397916,0.3412947831552483,0.359804520464264,0.07221515698110462
2019-12-18,0.3413400758533502,0.36582356570018515,0.34318038969201753,0.3732437385461209,0.05439949284124594
2019-12-19,0.3432364096080911,0.35903763109191866,0.3419233186675047,0.37018937080024433,0.02527381653565876
2019-12-20,0.3356510745891277,0.35040098704503403,0.33375235700817085,0.359804520464264,0.045832975997469105
2019-12-23,0.32869785082174463,0.3528685996298582,0.3306096794468887,0.36285888821014056,0.04698047300414322
2019-12-24,0.3324905183312263,0.3534855027760642,0.3324952859836581,0.36591325595601715,0.008408314641881518
2019-12-25,0.3312262958280658,0.35533621221468226,0.3324952859836581,0.3640806353084911,0.015708187088324187
2019-12-26,0.3356510745891277,0.35533621221468226,0.33375235700817085,0.36469150885766644,0.040969297467319976
2019-12-27,0.33628318584070793,0.36335595311536095,0.3412947831552483,0.3708002443494196,0.0391302306368824
2019-12-30,0.3413400758533502,0.3608883405305367,0.3425518541797611,0.3708002443494196,0.042229750231307726
2019-12-31,0.3299620733249051,0.35040098704503403,0.32935260842237585,0.36285888821014056,0.06405385633974926
2020-01-02,0.3293299620733249,0.35903763109191866,0.3394091766184789,0.3640806353084911,0.07575405068908664
2020-01-03,0.34513274336283184,0.35903763109191866,0.34820867379006915,0.36346976175931583,0.11324108216944778
2020-01-06,0.3293299620733249,0.34361505243676754,0.32809553739786285,0.35613927916921206,0.15992979909531
2020-01-07,0.32174462705436163,0.33991363355953114,0.32306725329981145,0.34392180818570567,0.10169152789130444
2020-01-08,0.30594184576485467,0.33436150524367686,0.316781898177247,0.3396456933414783,0.1426097391276294
2020-01-09,0.3198482932996207,0.35040098704503403,0.32809553739786285,0.3549175320708613,0.11868110957787166
2020-01-10,0.33501896333754744,0.35471930906847626,0.3368950345694531,0.36285888821014056,0.1562304304605138
2020-01-13,0.3394437420986093,0.36335595311536095,0.3406662476429917,0.36957849725106906,0.11029557633073257
2020-01-14,0.347661188369153,0.37075879086983343,0.35009428032683837,0.3805742211362249,0.2070628703356812
2020-01-15,0.35018963337547415,0.3584207279457125,0.34820867379006915,0.3689676237018938,0.18048827529179653
2020-01-16,0.33059418457648554,0.35471930906847626,0.33312382149591446,0.36346976175931583,0.14873440830726936
2020-01-17,0.3375474083438686,0.35471930906847626,0.3362664990571967,0.36469150885766644,0.13810148173211656
2020-01-20,0.3356510745891277,0.3596545342381247,0.3394091766184789,0.37018937080024433,0.11642040477366862
2020-01-30,0.3034134007585335,0.2911782850092537,0.3016970458830924,0.3042150274893098,0.5790299304845146
2020-01-31,0.24841972187104938,0.26403454657618763,0.24701445631678193,0.27367135003054377,0.38386681279651236
2020-02-03,0.22123893805309736,0.25293028994447875,0.22815839094908866,0.24862553451435548,0.2592124085460421
2020-02-04,0.2332490518331227,0.2720542874768661,0.25078566939032054,0.2681734880879658,0.14081974463091607
2020-02-05,0.2528445006321113,0.27513880320789635,0.2551854179761156,0.2816127061698228,0.10201127226259951
2020-02-06,0.26106194690265494,0.29302899444787167,0.26775612822124445,0.29444105070250454,0.17603796058076024
2020-02-07,0.26106194690265494,0.27945712523133875,0.2595851665619108,0.2895540623091021,0.15413274383747821
2020-02-10,0.2402022756005057,0.27698951264651456,0.25392834695160277,0.27306047648136833,0.11239894129519643
2020-02-11,0.2572692793931731,0.28624305983960524,0.2633563796354494,0.29444105070250454,0.07423447098897899
2020-02-12,0.26548672566371684,0.2973473164713141,0.27529855436832185,0.30238240684178375,0.08466275533544329
2020-02-13,0.2781289506953224,0.29919802590993216,0.27969830295411685,0.3109346365302383,0.08731660525523553
2020-02-14,0.27560050568900124,0.30104873534855037,0.27969830295411685,0.30910201588271224,0.07319332457704128
2020-02-17,0.2692793931731985,0.29302899444787167,0.2708988057825266,0.3017715332926085,0.09590315416895988
2020-02-18,0.2579013906447536,0.27760641579272055,0.2589566310496542,0.29016493585827735,0.2079456229537634
2020-02-19,0.2547408343868522,0.2905613818630475,0.267127592708988,0.2907758094074526,0.12604451558432428
2020-02-20,0.2699115044247787,0.2856261566933992,0.27027027027027023,0.29444105070250454,0.10015223425117073
2020-02-21,0.26106194690265494,0.28007402837754475,0.2633563796354494,0.2895540623091021,0.07903561180097327
2020-02-24,0.2433628318584071,0.26588525601480567,0.24387177875549973,0.27428222357971904,0.22358721140738563
2020-02-25,0.23388116308470291,0.26896977174583586,0.24512884978001254,0.27122785583384246,0.13912634362078113
2020-02-26,0.22945638432364104,0.25786551511412714,0.2357008170961659,0.26450824679291396,0.2513931983246036
2020-02-27,0.231984829329962,0.24799506477483046,0.2325581395348837,0.2577886377519853,0.4156487932236673
2020-03-02,0.2085967130214918,0.23195558297347313,0.21684475172847262,0.23946243127672567,0.4647223871708015
2020-03-03,0.22566371681415923,0.24737816162862428,0.22564424890006285,0.2565668906536347,0.17575245365308076
2020-03-04,0.225031605562579,0.25478099938309695,0.22878692646134507,0.25839951130116073,0.1299161599016678
2020-03-05,0.23767383059418457,0.2671190623072178,0.2419861722187303,0.2748930971288943,0.1559606804840432
2020-03-06,0.23577749683944382,0.24429364589759406,0.23444374607165308,0.25717776420281,0.28179571346515725
2020-03-09,0.19974715549936786,0.21344848858729176,0.19861722187303577,0.22419059254734264,0.4552149096517509
2020-03-10,0.1769911504424779,0.2190006169031462,0.19233186675047134,0.2156383628588883,0.3840459625843885
2020-03-11,0.195322376738306,0.2066625539790253,0.19547454431175354,0.21747098350641414,0.24215428374487905
2020-03-12,0.1706700379266751,0.16779765576804453,0.16970458830923946,0.16982284667073924,0.715534992835379
2020-03-13,0.08849557522123895,0.1536088834053054,0.13073538654934008,0.10629199755650584,0.8074766343558885
2020-03-16,0.11378002528445007,0.107958050586058,0.11816467630421124,0.11850946854001226,0.5073869613057795
2020-03-17,0.041719342604298326,0.07772979642196172,0.07165304839723446,0.0861331704337202,0.7434243549806064
2020-03-18,0.049936788874842014,0.05243676742751388,0.053425518541797605,0.06780696395846057,0.6681373515431995
2020-03-19,0.0,0.0,0.0,0.0,0.9152320995521536
2020-03-20,0.0,0.06724244293645901,0.03771213073538655,0.044593769089798486,0.5695821110524907
2020-03-23,0.0,0.027760641579272057,0.01382778126964166,0.02810018326206472,0.2985156159809783
2020-03-24,0.03603034134007579,0.07032695866748924,0.05405405405405401,0.07880268784361641,0.3798336126246291
2020-03-25,0.07332490518331224,0.10240592227020355,0.0810810810810811,0.1081246182040317,0.4800756654247307
2020-03-26,0.08091024020227568,0.10672424429364596,0.0810810810810811,0.10690287110568113,0.2742366151132488
2020-03-27,0.09228824273072057,0.09932140653917332,0.09679446888749217,0.11240073304825905,0.3197156390461116
2020-03-30,0.04677623261694062,0.09006785934608263,0.06473915776241364,0.08307880268784358,0.18382069752404176
2020-03-31,0.07332490518331224,0.09376927822331904,0.07793840351979889,0.1020158827122785,0.12914543800476852
2020-04-01,0.0695322376738306,0.09068476249228882,0.07102451288497806,0.1050702504581551,0.1315478871424869
2020-04-06,0.07522123893805314,0.10487353485502776,0.0766813324952859,0.10384850335980453,0.1668061265734768
2020-04-07,0.09481668773704173,0.12276372609500312,0.09930861093651797,0.13194868662186926,0.21938848649202364
2020-04-08,0.09481668773704173,0.13633559531153605,0.10936517913262102,0.13561392791692115,0.22039030597660875
2020-04-09,0.11188369152970916,0.13201727328809382,0.11439346323067244,0.14172266340867434,0.22771161708738974
2020-04-10,0.10113780025284451,0.1326341764342998,0.1049654305468258,0.1398900427611485,0.07258934401273424
2020-04-13,0.10113780025284451,0.12646514497223937,0.10559396605908239,0.13805742211362246,0.09761981495873158
2020-04-14,0.10176991150442476,0.1529919802590994,0.12507856693903208,0.14416615760537566,0.19037591806697313
2020-04-15,0.12958280657395702,0.15607649599012963,0.13199245757385292,0.1679902260232132,0.2610292703443007
2020-04-16,0.11630847029077122,0.15114127082048118,0.1269641734758013,0.15638362858888208,0.17984710149196662
2020-04-17,0.15170670037926676,0.18136952498457745,0.16341923318667503,0.18875992669517414,0.5523040537545382
2020-04-20,0.15486725663716816,0.17828500925354723,0.1571338780641106,0.1899816737935247,0.18453988396034993
2020-04-21,0.1472819216182049,0.14867365823565698,0.14644877435575115,0.16188149053146,0.32082840554745895
2020-04-22,0.11378002528445007,0.14867365823565698,0.12067881835323686,0.14966401954795358,0.15408758148709023
2020-04-23,0.12831858407079655,0.1523750771128934,0.13827781269641734,0.1594379963347587,0.1952161013934102
2020-04-24,0.12389380530973448,0.1523750771128934,0.12570710245128847,0.1612706169822847,0.07364281617410966
2020-04-27,0.1409608091024021,0.1727328809376928,0.14582023884349457,0.17593158216249244,0.20817196366611512
2020-04-28,0.1504424778761063,0.1727328809376928,0.14959145191703335,0.18020769700671962,0.10466568446314443
2020-04-29,0.152338811630847,0.18692165330043192,0.1621621621621622,0.19181429444105075,0.17807465788981597
2020-04-30,0.17003792667509487,0.20913016656384953,0.1822752985543683,0.2095296273671351,0.2980425867364303
2020-05-04,0.14412136536030348,0.17828500925354723,0.1546197360150848,0.18265119120342094,0.23834113150096614
2020-05-05,0.15802781289506954,0.18322023442319568,0.16090509113764923,0.19242516799022605,0.11043548705382165
2020-05-06,0.1554993678887484,0.1844540407156077,0.1602765556253928,0.1875381795968234,0.08261033380051347
2020-05-07,0.15802781289506954,0.18877236273904993,0.16530483972344442,0.19609040928527793,0.08330375508488583
2020-05-08,0.1719342604298356,0.1949413942011104,0.17284726587052165,0.20464263897373244,0.0821666060274146
2020-05-11,0.1769911504424779,0.20357803824799509,0.18101822752985547,0.21319486866218698,0.09358599340215759
2020-05-12,0.1719342604298356,0.19123997532387416,0.17096165933375226,0.20036652412950529,0.17379012972493685
2020-05-13,0.1605562579013907,0.19432449105490437,0.16844751728472662,0.19975565058032982,0.06396054074170685
2020-05-14,0.1618204804045512,0.18198642813078347,0.16153362664990562,0.19486866218692736,0.12598836684320153
2020-05-15,0.16498103666245256,0.18877236273904993,0.16656191074795723,0.19303604153940132,0.08403304769959002
2020-05-18,0.152338811630847,0.18013571869216544,0.1565053425518542,0.1899816737935247,0.11755585707211369
2020-05-19,0.16940581542351463,0.18938926588525612,0.16970458830923946,0.20036652412950529,0.07245280161910644
2020-05-20,0.16434892541087232,0.18815545959284394,0.16593337523570084,0.19853390348197925,0.14601416364152778
2020-05-21,0.16624525916561322,0.1967921036397286,0.17347580138277807,0.20586438607208302,0.10798344594372929
2020-05-22,0.1618204804045512,0.1776681061073412,0.1621621621621622,0.19120342089187548,0.20154572855163577
2020-05-25,0.15360303413400767,0.1844540407156077,0.1571338780641106,0.18204031765424566,0.0674957122899409
2020-05-26,0.16750948166877372,0.1961752004935226,0.17159019484600885,0.20281001832620643,0.2400804959380182
2020-05-27,0.17319848293299625,0.1949413942011104,0.17410433689503446,0.20525351252290774,0.05811283281398247
2020-05-28,0.1757269279393174,0.18877236273904993,0.17473287240729105,0.19914477703115452,0.10621419950762206
2020-05-29,0.15676359039190907,0.1961752004935226,0.16907605279698304,0.19242516799022605,0.06938339786112868
2020-06-01,0.17003792667509487,0.20172732880937705,0.17787554996857327,0.2095296273671351,0.12203161146675597
2020-06-02,0.1769911504424779,0.2066625539790253,0.1822752985543683,0.21686010995723887,0.1834931310043852
2020-06-03,0.19152970922882437,0.22516964836520667,0.19987429289754877,0.23029932803909586,0.2920558445295837
2020-06-04,0.2085967130214918,0.23504009870450338,0.2105593966059082,0.24312767257177773,0.24212750648758838
2020-06-05,0.21112515802781295,0.24429364589759406,0.21810182275298545,0.24984728161270622,0.1544557119517553
2020-06-08,0.22629582806573967,0.2584824182603332,0.2363293526084223,0.2632864996945632,0.25665511105740824
2020-06-09,0.2351453855878634,0.2597162245527452,0.2363293526084223,0.26511912034208923,0.1827723933872069
2020-06-10,0.23577749683944382,0.27020357803824807,0.24764299182903834,0.272449602932193,0.17810636437587074
2020-06-11,0.24589127686472825,0.25293028994447875,0.24952859836580757,0.2657299938912645,0.23400547882636705
2020-06-12,0.2054361567635904,0.24305983960518204,0.21998742928975484,0.24251679902260226,0.35733525295625296
2020-06-15,0.21618204804045507,0.2276372609500309,0.21747328724072904,0.2400733048259011,0.14762789571657223
2020-06-16,0.21681415929203549,0.2510795805058607,0.22878692646134507,0.25534514355528415,0.17215668668489678
2020-06-17,0.2300884955752213,0.2523133867982727,0.22878692646134507,0.25717776420281,0.1840778484449451
2020-06-18,0.22819216182048038,0.2510795805058607,0.23004399748585788,0.2577886377519853,0.069952117769685
2020-06-19,0.22756005056890014,0.2504626773596545,0.22815839094908866,0.2614538790470374,0.02236698926599617
2020-06-22,0.22566371681415923,0.25293028994447875,0.2350722815839095,0.2638973732437385,0.16840415286783586
2020-06-23,0.2351453855878634,0.25786551511412714,0.23947203016970453,0.2632864996945632,0.13508099104456694
2020-06-24,0.23767383059418457,0.26465144972239363,0.24512884978001254,0.27550397067806964,0.1612690350286593
2020-06-29,0.23072060682680154,0.25354719309068474,0.2338152105593965,0.2614538790470374,0.15418198078955334
2020-06-30,0.23451327433628316,0.2634176434299816,0.2382149591451917,0.2706169822846672,0.12409475282969336
2020-07-01,0.23957016434892547,0.27082048118445406,0.25015713387806415,0.2773365913255957,0.16061131430787168
2020-07-02,0.24841972187104938,0.283158544108575,0.2576995600251414,0.2852779474648747,0.11882330016595263
2020-07-03,0.26675094816687733,0.2961135101789019,0.27341294783155246,0.30360415394013435,0.2560801671868414
2020-07-06,0.28065739570164355,0.3158544108574955,0.29289754871150214,0.3170433720219915,0.25056956293301463
2020-07-07,0.3034134007585335,0.3201727328809377,0.30798240100565677,0.3280390959071472,0.24284694937152027
2020-07-08,0.29709228824273076,0.3281924737816164,0.30672532998114393,0.3317043372021992,0.19137520262729016
2020-07-09,0.3122629582806575,0.33189389265885266,0.3123821495914518,0.34086744043982903,0.1184747182296213
2020-07-10,0.31036662452591657,0.32202344231955593,0.3104965430546826,0.33414783139890036,0.1982030428610521
2020-07-13,0.3084702907711758,0.33929673041332514,0.315524827152734,0.34208918753817963,0.2099870588912999
2020-07-14,0.3135271807838179,0.3466995681677978,0.322438717787555,0.3475870494807575,0.23807882663733296
2020-07-15,0.3324905183312263,0.351634793337446,0.33878064110622247,0.359804520464264,0.39326388733270007
2020-07-16,0.32869785082174463,0.33991363355953114,0.32683846637335007,0.3494196701282834,0.1271214704542839
2020-07-17,0.3293299620733249,0.3534855027760642,0.3356379635449403,0.359804520464264,0.3285191930266749
2020-07-20,0.3312262958280658,0.351634793337446,0.33123821495914507,0.354306658521686,0.16347114641006144
2020-07-21,0.33059418457648554,0.3719925971622456,0.35323695788812054,0.36469150885766644,0.4638513520076002
2020-07-22,0.34829329962073324,0.37507711289327583,0.35512256442488993,0.3799633475870494,0.12343410467895528
2020-07-23,0.3520859671302149,0.3738433066008636,0.3507228158390949,0.37690897984117283,0.09872413138195978
2020-07-24,0.3539823008849558,0.3695249845774214,0.3658076681332494,0.37874160048869887,0.3232236483681164
2020-07-27,0.3893805309734513,0.42874768661320173,0.409176618478944,0.4221136224801466,0.44856368071156044
2020-07-28,0.4582806573957017,0.43244910549043797,0.4739157762413576,0.44043982895540623,0.4532424769668512
2020-07-29,0.4020227560050569,0.41949413942011105,0.41231929604022616,0.42577886377519847,0.178069981538639
2020-07-30,0.41972187104930475,0.4380012338062924,0.42740414833438084,0.44043982895540623,0.11709829461413925
2020-07-31,0.4159292035398231,0.4349167180752622,0.4186046511627906,0.44227244960293227,0.09067584679186826
2020-08-03,0.4102402022756006,0.4127082048118446,0.40854808296668754,0.4245571166768479,0.12882590525730525
2020-08-04,0.3988621997471555,0.42874768661320173,0.40666247642991815,0.4312767257177764,0.07918886989895227
2020-08-05,0.4184576485461441,0.44108574953732266,0.4211187932118164,0.44593769089798413,0.08672496650553056
2020-08-06,0.4355246523388117,0.45465761875385574,0.4393463230672533,0.4593769089798411,0.13660176769858728
2020-08-07,0.4367888748419722,0.44540407156076506,0.4343180389692017,0.4526572999389126,0.12261428684642363
2020-08-10,0.4184576485461441,0.4571252313386798,0.4380892520427403,0.4502138057422113,0.10465557035133394
2020-08-11,0.43489254108723147,0.4472547809993831,0.4355751099937146,0.4581551618814906,0.047949420187412786
2020-08-12,0.4171934260429836,0.42813078346699573,0.414833438089252,0.4367745876603543,0.1025832738280637
2020-08-13,0.4260429835651075,0.44046884639111666,0.426147077309868,0.44960293219303604,0.09429064225306551
2020-08-14,0.41466498103666244,0.44355336212214685,0.4211187932118164,0.44288332315210754,0.05935388461114617
2020-08-17,0.4235145385587864,0.4571252313386798,0.43620364550597107,0.45204642638973735,0.09885473105312109
2020-08-18,0.4386852085967131,0.44972239358420735,0.43871778755499685,0.45693341478314,0.059318191980975946
2020-08-19,0.42983565107458915,0.44046884639111666,0.43306096794468885,0.4502138057422113,0.10655353445434773
2020-08-20,0.41466498103666244,0.39543491671807524,0.41231929604022616,0.38423946243127677,0.3574623286046934
2020-08-21,0.3938053097345134,0.4225786551511413,0.40226272784412315,0.420891875381796,0.14631606774696632
2020-08-24,0.40265486725663713,0.42628007402837753,0.409176618478944,0.42822235797189984,0.0572264599805286
2020-08-25,0.4102402022756006,0.4361505243676744,0.419233186675047,0.4410507025045815,0.05562292710316517
2020-08-26,0.4171934260429836,0.44108574953732266,0.419233186675047,0.4441050702504581,0.036283096162935013
2020-08-27,0.43109987357774965,0.4441702652683529,0.43620364550597107,0.45448992058643867,0.10020075203922142
2020-08-28,0.4152970922882427,0.431215299198026,0.4179761156505342,0.4367745876603543,0.0615944431042329
2020-08-31,0.4184576485461441,0.41024059222702036,0.4179761156505342,0.4221136224801466,0.09885430026871375
2020-09-01,0.397597977243995,0.4293645897594078,0.40666247642991815,0.4227244960293219,0.09781132460972775
2020-09-02,0.4127686472819217,0.4250462677359655,0.4154619736015084,0.42822235797189984,0.0656104547402608
2020-09-03,0.41340075853350194,0.42874768661320173,0.4186046511627906,0.43921808185705563,0.08679828275896029
2020-09-04,0.3919089759797725,0.41949413942011105,0.39849151477058453,0.4233353695784973,0.1012046235014669
2020-09-07,0.3988621997471555,0.417643429981493,0.40289126335637954,0.4233353695784973,0.09300322361485737
2020-09-08,0.40139064475347663,0.4250462677359655,0.4035197988686359,0.4300549786194258,0.07312218525255032
2020-09-09,0.3887484197218711,0.41640962368908085,0.3940917661847893,0.4141722663408675,0.10763815339938496
2020-09-10,0.4020227560050569,0.42751388032078974,0.40666247642991815,0.4318875992669517,0.054410048645908725
2020-09-11,0.4070796460176992,0.42813078346699573,0.40666247642991815,0.434331093463653,0.0406344181245128
2020-09-14,0.4108723135271808,0.4441702652683529,0.42174732872407283,0.43982895540623096,0.10010546855771231
2020-09-15,0.42288242730720615,0.4491054904380013,0.4299182903834066,0.45204642638973735,0.09434504703134583
2020-09-16,0.44943109987357777,0.4688463911165947,0.45254556882463853,0.47770311545510075,0.2956221315244923
2020-09-17,0.44310998735777496,0.45465761875385574,0.4443746071653047,0.46243127672571777,0.16449409158578285
2020-09-18,0.43489254108723147,0.4534238124614436,0.43620364550597107,0.4593769089798411,0.0846709713778347
2020-09-21,0.4323640960809103,0.44293645897594086,0.43871778755499685,0.45326817348808796,0.10021274597359767
2020-09-22,0.42098609355246525,0.42628007402837753,0.4186046511627906,0.43616371411117905,0.11736244419497902
2020-09-23,0.4108723135271808,0.4244293645897595,0.40854808296668754,0.42944410507025055,0.1658607438129608
2020-09-24,0.3862199747155499,0.3935842072794572,0.38717787554996846,0.4031765424557117,0.2968500808909388
2020-09-25,0.3761061946902655,0.39605181986428145,0.38277812696417346,0.4007330482590104,0.17089811156178578
2020-09-28,0.38369152970922876,0.41640962368908085,0.3934632306725329,0.4123396456933415,0.1029528273489547
2020-09-29,0.40139064475347663,0.41949413942011105,0.4054054054054054,0.42638973732437396,0.05778202450282589
2020-09-30,0.40139064475347663,0.4250462677359655,0.40791954745443115,0.4318875992669517,0.05370640555362403
2020-10-05,0.4102402022756006,0.42566317088217154,0.4154619736015084,0.4367745876603543,0.10242220250681451
2020-10-06,0.4171934260429836,0.44046884639111666,0.419233186675047,0.44715943799633473,0.12330257679829748
2020-10-07,0.4171934260429836,0.4472547809993831,0.42740414833438084,0.44288332315210754,0.06435808691898987
2020-10-08,0.4355246523388117,0.4645280690931525,0.4443746071653047,0.4648747709224191,0.26418655055133977
2020-10-12,0.4513274336283187,0.47501542257865514,0.46134506599622876,0.4819792302993281,0.19033476169423685
2020-10-13,0.45954487989886217,0.4756323257248612,0.46008799497171576,0.4758704948075749,0.09584793324066287
2020-10-14,0.4557522123893805,0.4706971005552129,0.4550597108736643,0.4789248625534515,0.03549165774075226
2020-10-15,0.4487989886219975,0.458359037631092,0.4462602137020741,0.46243127672571777,0.07663279673451108
2020-10-16,0.4386852085967131,0.45280690931523754,0.4437460716530483,0.46243127672571777,0.0490775794962435
2020-10-19,0.43805309734513287,0.4694632942628007,0.4475172847265869,0.46854001221747094,0.054170493443359974
2020-10-20,0.447534766118837,0.4620604565083282,0.4456316781898177,0.47342700061087356,0.010998766068045679
2020-10-21,0.4424778761061947,0.4614435533621222,0.4468887492143305,0.46915088576664643,0.16190889485671267
2020-10-22,0.4386852085967131,0.46329426280074026,0.44123192960402247,0.4673182651191204,0.026498287496517763
2020-10-23,0.4487989886219975,0.46329426280074026,0.44814582023884353,0.46915088576664643,0.04863707566446201
2020-10-26,0.4437420986093552,0.46329426280074026,0.4475172847265869,0.47098350641417225,0.04265213969776168
2020-10-27,0.4393173198482933,0.4558914250462678,0.43683218101822746,0.4630421502748932,0.05311237785447779
2020-10-28,0.43615676359039196,0.44972239358420735,0.43368950345694524,0.45876603543066585,0.08093010007675931
2020-10-29,0.4171934260429836,0.4355336212214682,0.4160905091137648,0.43982895540623096,0.12909464550844535
2020-10-30,0.41150442477876104,0.4250462677359655,0.4098051539912004,0.43310934636530246,0.11554127177595197
2020-11-02,0.40644753476611895,0.42998149290561394,0.40791954745443115,0.42822235797189984,0.18964567978926056
2020-11-03,0.41972187104930475,0.4447871684145589,0.42551854179761145,0.44960293219303604,0.0733112208682347
2020-11-04,0.42983565107458915,0.4639111659469464,0.44248900062853547,0.45754428833231525,0.08763182460523525
2020-11-05,0.44500632111251587,0.46267735965453427,0.4450031426775613,0.46792913866829566,0.07228291329931748
2020-11-06,0.4469026548672566,0.4706971005552129,0.4531741043368949,0.4770922419059255,0.11490504426172736
2020-11-09,0.4646017699115045,0.48797038864898207,0.470144563167819,0.4886988393402566,0.22605239937531643
2020-11-10,0.46776232616940583,0.4756323257248612,0.4651162790697674,0.4832009773976787,0.07602781457662343
2020-11-11,0.45638432364096077,0.49599012954966076,0.474544311753614,0.48686621869273056,0.16666837215244878
2020-11-12,0.4804045512010114,0.49660703269586676,0.48271527341294784,0.5064141722663409,0.06490074754426776
2020-11-13,0.47534766118836913,0.5021591610117212,0.48145820238843484,0.5033598045204644,0.06394601664311123
2020-11-16,0.49810366624525926,0.5459592843923504,0.5254556882463858,0.5271838729383018,0.18999167225909913
2020-11-17,0.5562579013906448,0.5558297347316471,0.562539283469516,0.5638362858888212,0.168811581501226
2020-11-18,0.538558786346397,0.5650832819247378,0.5524827152734129,0.5607819181429445,0.42841273291115134
2020-11-19,0.5493046776232617,0.5626156693399138,0.5474544311753613,0.5687232742822236,0.08322140961407845
2020-11-20,0.5455120101137801,0.5607649599012956,0.5424261470773099,0.5632254123396456,0.08960505539163356
2020-11-23,0.551833122629583,0.5786551511412709,0.5637963544940288,0.5791081246182042,0.11388047809108827
2020-11-24,0.5682680151706702,0.5718692165330045,0.5650534255185418,0.5803298717165547,0.12250380571942787
2020-11-25,0.5651074589127687,0.5601480567550895,0.5619107479572596,0.5699450213805743,0.07625491273172451
2020-11-26,0.5442477876106194,0.5712523133867983,0.5531112507856694,0.5717776420281002,0.03945034708531752
2020-11-27,0.549936788874842,0.5687847008019742,0.5512256442488999,0.5723885155772754,0.10219330723499385
2020-11-30,0.5537294563843237,0.5521283158544109,0.5549968573224388,0.5626145387904704,0.19783445801007155
2020-12-01,0.5410872313527181,0.5644663787785318,0.5443117536140791,0.5632254123396456,0.09623385994073404
2020-12-02,0.5562579013906448,0.5780382479950649,0.5600251414204901,0.5772755039706781,0.1213248850529259
2020-12-03,0.5619469026548674,0.5780382479950649,0.5669390320553109,0.5833842394624313,0.1181070294578085
2020-12-04,0.5676359039190899,0.6014805675508945,0.583909490886235,0.5943799633475871,0.2670245399800578
2020-12-07,0.6005056890012642,0.6150524367674276,0.6002514142049025,0.6139279169211973,0.14186439999208705
2020-12-08,0.599873577749684,0.6354102405922271,0.6165933375235699,0.6194257788637753,0.13210919248185168
2020-12-09,0.6194690265486726,0.6354102405922271,0.6184789440603393,0.6383628588882102,0.13104306434266
2020-12-10,0.608723135271808,0.6175200493522517,0.6052796983029541,0.6206475259621258,0.17892741525935102
2020-12-11,0.6042983565107459,0.6193707587908699,0.6052796983029541,0.6108735491753208,0.09369510105676807
2020-12-14,0.6024020227560052,0.6132017273288094,0.5989943431803897,0.6200366524129506,0.039390434930691394
2020-12-15,0.5935524652338813,0.5983960518198643,0.5908233815210558,0.6047648136835675,0.20574147387484698
2020-12-16,0.592920353982301,0.6255397902529304,0.6071653048397233,0.6182040317654245,0.29654254782957723
2020-12-17,0.608723135271808,0.6175200493522517,0.6052796983029541,0.6200366524129506,0.051732428034585914
2020-12-18,0.6011378002528445,0.6125848241826034,0.5996228786926461,0.6200366524129506,0.0418590144333209
2020-12-21,0.5973451327433629,0.6267735965453424,0.6084223758642363,0.6139279169211973,0.08469253301009778
2020-12-22,0.6074589127686473,0.6101172115977792,0.6096794468887491,0.6182040317654245,0.11902050759524259
2020-12-23,0.5922882427307206,0.6119679210363974,0.5945945945945945,0.6139279169211973,0.08056899822067039
2020-12-24,0.5992414664981038,0.6199876619370759,0.6015084852294154,0.6224801466096519,0.04001549973404398
2020-12-25,0.6080910240202275,0.6218383713756941,0.610936517913262,0.6273671350030543,0.04927204355079941
2020-12-28,0.6074589127686473,0.6347933374460211,0.6159648020113135,0.6328649969456323,0.06421314938613831
2020-12-29,0.6201011378002529,0.633559531153609,0.6184789440603393,0.6365302382406841,0.0567228016076149
2020-12-30,0.6194690265486726,0.6545342381246144,0.6360779384035197,0.6432498472816128,0.11293783255691009
2020-12-31,0.6466498103666246,0.6625539790252931,0.6461345065996229,0.6652412950519243,0.12273779682171715
2021-01-04,0.6472819216182049,0.688463911165947,0.6725329981143934,0.6689065363469763,0.135540124120277
2021-01-05,0.672566371681416,0.6915484268969772,0.6744186046511628,0.6902871105681124,0.10348749803415443
2021-01-06,0.6965865992414665,0.7082048118445405,0.7058453802639849,0.6945632254123396,0.25253097114678985
2021-01-07,0.702275600505689,0.7446020974706973,0.7291011942174732,0.7244960293219304,0.15516069797277948
2021-01-08,0.7534766118836915,0.7729796421961751,0.7573852922690131,0.7611484422724498,0.3250956763541119
2021-01-11,0.7610619469026548,0.7865515114127084,0.7705845380263985,0.7727550397067807,0.2539525229989776
2021-01-12,0.7749683944374212,0.784083898827884,0.781269641734758,0.7861942577886377,0.27555911511203995
2021-01-13,0.7806573957016435,0.8235657001850711,0.8101822752985541,0.7996334758704947,0.271792752956835
2021-01-14,0.8091024020227561,0.80814312152992,0.8051539912005029,0.807574832009774,0.31051272253301554
2021-01-15,0.836283185840708,0.8136952498457742,0.8422375864236328,0.8204031765424559,0.5729649788925101
2021-01-18,0.8040455120101138,0.8124614435533623,0.8038969201759897,0.792302993280391,0.3654189560770437
2021-01-19,0.8116308470290771,0.8562615669339912,0.8434946574481457,0.8301771533292608,0.31356741813718125
2021-01-20,0.8482932996207332,0.8593460826650215,0.8610936517913261,0.8601099572388516,0.8147755510242193
2021-01-21,0.852085967130215,0.918568784700802,0.9082338152105592,0.868662186927306,0.37479926929174684
2021-01-22,0.8495575221238937,0.8500925354719309,0.8548082966687617,0.8277336591325596,0.6582098272949968
2021-01-25,0.8369152970922882,0.8272671190623072,0.8334380892520428,0.8179596823457543,0.3643846667135936
2021-01-26,0.8160556257901392,0.7933374460209747,0.8246385920804523,0.7886377519853393,0.3811860945834981
2021-01-27,0.7876106194690268,0.7958050586057991,0.7969830295411691,0.794135613927917,0.1958244965062157
2021-01-28,0.7458912768647282,0.7624922887106724,0.7580138277812697,0.7593158216249237,0.37466865613378086
2021-01-29,0.766118836915297,0.7359654534238124,0.7649277184160903,0.7446548564447159,0.3601220377477645
2021-02-01,0.7231352718078381,0.7674275138803208,0.7536140791954743,0.7367135003054368,0.3527080229035344
2021-02-02,0.7774968394437421,0.8130783466995681,0.8051539912005029,0.7971899816737936,0.27922444900196103
2021-02-03,0.8147914032869784,0.811844540407156,0.8108108108108107,0.8179596823457543,0.17675547723165155
2021-02-04,0.7888748419721873,0.8019740900678596,0.7988686360779385,0.7953573610262675,0.16086222321824656
2021-02-05,0.8065739570164351,0.8173966687230106,0.8208673790069139,0.8179596823457543,0.22572173406395624
2021-02-17,0.8596713021491783,0.8883405305367059,0.87806411062225,0.8766035430665853,0.517356381915956
2021-02-18,0.8792667509481671,0.8858729179518815,0.8830923947203015,0.8839340256566891,0.281721083239951
2021-02-19,0.8666245259165615,0.8673658235657001,0.8617221873035826,0.8594990836896762,0.23734279022363317
2021-02-22,0.8697850821744629,0.8667489204194944,0.8768070395977371,0.8735491753207086,0.17926065476538108
2021-02-23,0.836283185840708,0.863047501542258,0.8510370835952229,0.8454489920586438,0.2000670287447691
2021-02-24,0.8343868520859672,0.8377544725478099,0.8447517284726584,0.8430054978619427,0.2862935400072857
2021-02-25,0.8451327433628318,0.8513263417643432,0.8441231929604022,0.8485033598045204,0.263884452077246
2021-02-26,0.8046776232616942,0.8001233806292414,0.8070395977372719,0.8069639584605989,0.7181351898662501
2021-03-02,0.8154235145385589,0.8007402837754471,0.8126964173475801,0.8087965791081245,0.18158715494606797
2021-03-03,0.7932996207332491,0.8247995064774831,0.8095537397862979,0.7996334758704947,0.21018937048114372
2021-03-04,0.8008849557522124,0.7921036397285627,0.7963544940289125,0.7874160048869883,0.4456067150556002
2021-03-05,0.7465233881163087,0.7822331893892658,0.7743557510999369,0.7605375687232744,0.3635690863160817
2021-03-08,0.7932996207332491,0.7809993830968538,0.7894406033940918,0.7849725106902872,0.30783024310198226
2021-03-09,0.7528445006321115,0.7748303516347933,0.7617850408548081,0.7635919364691509,0.3376807232963496
2021-03-10,0.7749683944374212,0.78161628624306,0.7743557510999369,0.7837507635919366,0.12799518512823252
2021-03-11,0.7718078381795198,0.8161628624305983,0.8038969201759897,0.7916921197312158,0.22984695886900744
2021-03-12,0.8122629582806574,0.8229487970388649,0.8126964173475801,0.8216249236408064,0.13398404734176883
2021-03-15,0.8122629582806574,0.8186304750154227,0.8076681332495285,0.821014050091631,0.08425087526317729
2021-03-16,0.8147914032869784,0.824182603331277,0.8126964173475801,0.824679291386683,0.1654257267306474
2021-03-17,0.8135271807838179,0.8099938309685378,0.8095537397862979,0.8155161881490532,0.16605564222196056
2021-03-18,0.8103666245259166,0.8186304750154227,0.8177247014456317,0.8252901649358585,0.17059295991312176
2021-03-19,0.7895069532237673,0.7927205428747689,0.785669390320553,0.7947464874770924,0.26275021438456087
2021-03-22,0.7762326169405817,0.8001233806292414,0.7869264613450658,0.7861942577886377,0.1263643896669464
2021-03-23,0.79519595448799,0.8025909932140654,0.8007542426147075,0.8106291997556506,0.16724367282833272
2021-03-24,0.7686472819216184,0.7766810610734115,0.7724701445631675,0.782529016493586,0.2707719644798454
2021-03-25,0.7597977243994943,0.7822331893892658,0.7737272155876808,0.7739767868051313,0.11637949394011111
2021-03-26,0.7844500632111253,0.811844540407156,0.7969830295411691,0.7978008552229691,0.19699872118633982
2021-03-29,0.8116308470290771,0.825416409623689,0.8158390949088623,0.828344532681735,0.20498336372697812
2021-03-30,0.8192161820480407,0.8309685379395436,0.8164676304211186,0.8301771533292608,0.1140365277592944
2021-03-31,0.8192161820480407,0.8167797655768045,0.8145820238843495,0.822846670739157,0.1908978419367606
2021-04-01,0.8179519595448798,0.8291178285009254,0.8177247014456317,0.8301771533292608,0.18110270059296335
2021-04-06,0.8508217446270546,0.8525601480567552,0.8460087994971716,0.855222968845449,0.24203207921294145
2021-04-07,0.843236409608091,0.8544108574953734,0.8416090509113763,0.8540012217470985,0.10344327321502496
2021-04-08,0.838811630847029,0.8599629858112277,0.8453802639849151,0.8478924862553453,0.15788624850613855
2021-04-09,0.8577749683944375,0.8562615669339912,0.8535512256442489,0.8601099572388516,0.08429020655390788
2021-04-12,0.8476611883691532,0.8463911165946948,0.8472658705216844,0.8478924862553453,0.14864534144936234
2021-04-13,0.8369152970922882,0.8463911165946948,0.852294154619736,0.8521686010995725,0.14069734473864642
2021-04-14,0.838811630847029,0.8556446637877855,0.84098051539912,0.8405620036652415,0.16078310962217104
2021-04-15,0.8476611883691532,0.8698334361505246,0.8554368321810183,0.8594990836896762,0.1954984123450584
2021-04-16,0.8584070796460178,0.8723010487353486,0.8579509742300439,0.8692730604764815,0.29329592031842855
2021-04-19,0.8628318584070797,0.8753855644663788,0.8642363293526083,0.8723274282223581,0.20834228356365286
2021-04-20,0.8577749683944375,0.8723010487353486,0.8617221873035826,0.8741600488698842,0.11643048913517476
2021-04-21,0.859039190897598,0.8568784700801975,0.8541797611565051,0.8643860720830788,0.203246243057882
2021-04-22,0.853982300884956,0.8556446637877855,0.8554368321810183,0.8607208307880267,0.09511764002405489
2021-04-23,0.8457648546144123,0.8710672424429365,0.8566939032055311,0.8570555894929751,0.14957823523043728
2021-04-26,0.8723135271807839,0.8963602714373843,0.8843494657448144,0.8875992669517411,0.3218192755316867
2021-04-27,0.8874841972187104,0.8969771745835905,0.8887492143306094,0.898594990836897,0.17039114158332447
2021-04-28,0.8881163084702909,0.8864898210980877,0.8830923947203015,0.8912645082467928,0.06785269412554469
2021-04-29,0.8849557522123894,0.8889574336829118,0.8925204274041482,0.8961514966401954,0.23435480432197237
2021-05-03,0.8773704171934262,0.8599629858112277,0.8724072910119421,0.8656078191814295,0.18263441702890826
2021-05-04,0.8501896333754742,0.8451573103022827,0.8466373350094278,0.8277336591325596,0.3567711844086179
2021-05-05,0.8350189633375477,0.8291178285009254,0.8334380892520428,0.836285888821014,0.23446200815543825
2021-05-06,0.8255372945638434,0.8439235040098704,0.8359522313010684,0.8338423946243129,0.203660260788685
2021-05-07,0.8489254108723137,0.8741517581739668,0.8604651162790695,0.8637751985339034,0.17872211554893586
2021-05-10,0.8659924146649811,0.8624305983960517,0.8610936517913261,0.8656078191814295,0.10464303991980213
2021-05-11,0.8185840707964602,0.7982726711906232,0.8145820238843495,0.7984117287721442,0.6956609249693869
2021-05-12,0.7825537294563845,0.7507711289327577,0.7781269641734757,0.6591325595601711,1.0
2021-05-13,0.6984829329962073,0.7273288093769279,0.741671904462602,0.7055589492974955,0.6950422259378289
2021-05-14,0.7269279393173199,0.745219000616903,0.7448145820238843,0.7403787416004887,0.3848879469720388
2021-05-17,0.6852085967130216,0.714990746452807,0.7265870521684475,0.7018937080024436,0.7966610010464685
2021-05-18,0.725031605562579,0.7865515114127084,0.7705845380263985,0.7422113622480148,0.4112050838735436
2021-05-19,0.7737041719342603,0.7754472547809995,0.7749842866121935,0.7727550397067807,0.4297923211656774
2021-05-20,0.7629582806573957,0.7643429981492906,0.7592708988057825,0.7629810629199755,0.2340616894481229
2021-05-21,0.7774968394437421,0.7871684145589143,0.790069138906348,0.782529016493586,0.25058380579206624
2021-05-24,0.765486725663717,0.7847008019740902,0.7749842866121935,0.78069639584606,0.2523882837286259
2021-05-25,0.7825537294563845,0.8124614435533623,0.8001257071024512,0.8020769700671962,0.25258417619446244
2021-05-26,0.8072060682680151,0.8136952498457742,0.8064110622250157,0.8149053145998777,0.12121281406966436
2021-05-27,0.7901390644753478,0.8019740900678596,0.7881835323695786,0.7953573610262675,0.13580733322241864
2021-05-28,0.8078381795195956,0.8297347316471316,0.8158390949088623,0.8191814294441052,0.24303780947420425
2021-05-31,0.8192161820480407,0.8457742134484886,0.8365807668133249,0.8375076359193648,0.2691693915456365
2021-06-01,0.8369152970922882,0.8531770512029611,0.8434946574481457,0.8546120952962736,0.1371243569835159
2021-06-02,0.8445006321112518,0.8531770512029611,0.8422375864236328,0.8478924862553453,0.12063688427401056
2021-06-03,0.8463969658659923,0.8519432449105491,0.8478944060339406,0.8582773365913257,0.12178686979447793
2021-06-04,0.8343868520859672,0.8439235040098704,0.829666876178504,0.8436163714111181,0.06979517499734154
2021-06-07,0.8369152970922882,0.848241826033313,0.8346951602765555,0.8234575442883324,0.27927351994733773
2021-06-08,0.838179519595449,0.8383713756940161,0.8359522313010684,0.8460598656078192,0.06324334539410276
2021-06-09,0.8255372945638434,0.8260333127698952,0.8208673790069139,0.828344532681735,0.15016658815819178
2021-06-10,0.8217446270543616,0.8519432449105491,0.8403519798868634,0.8375076359193648,0.17028559722183662
2021-06-11,0.8482932996207332,0.8581122763726095,0.8485229415461972,0.8625534514355528,0.0751518174593232
2021-06-15,0.854614412136536,0.8673658235657001,0.8548082966687617,0.8692730604764815,0.0947340552679441
2021-06-16,0.8558786346396965,0.8655151141270819,0.8541797611565051,0.8662186927306049,0.18277820897670602
2021-06-17,0.8445006321112518,0.8605798889574339,0.8460087994971716,0.8540012217470985,0.0708861129070279
2021-06-18,0.8577749683944375,0.8568784700801975,0.8529226901319923,0.8637751985339034,0.04286324230421278
2021-06-21,0.8331226295828067,0.8161628624305983,0.829666876178504,0.822846670739157,0.42864675138372066
2021-06-22,0.8166877370417194,0.8180135718692165,0.8177247014456317,0.8216249236408064,0.14398297113045816
2021-06-23,0.8091024020227561,0.8451573103022827,0.8315524827152734,0.8252901649358585,0.15722029805781948
2021-06-24,0.8350189633375477,0.8408389882788402,0.8328095537397862,0.8454489920586438,0.1519920545378169
2021-06-25,0.8400758533501895,0.8439235040098704,0.8416090509113763,0.8485033598045204,0.16193680203056346
2021-06-28,0.8343868520859672,0.8470080197409006,0.8359522313010684,0.8460598656078192,0.09246788077111413
2021-06-29,0.8457648546144123,0.8519432449105491,0.8510370835952229,0.8558338423946246,0.23099947157866374
2021-06-30,0.8482932996207332,0.8685996298581122,0.8592080452545567,0.8649969456322544,0.2501468997637604
2021-07-01,0.8596713021491783,0.8605798889574339,0.8573224387177872,0.8649969456322544,0.10994228809458456
2021-07-02,0.8508217446270546,0.8605798889574339,0.8485229415461972,0.8631643249847283,0.11352922497409483
2021-07-05,0.856510745891277,0.8766193707587908,0.8673790069138905,0.8735491753207086,0.1994577355694422
2021-07-06,0.870417193426043,0.878470080197409,0.8680075424261471,0.882101405009163,0.1628031979313006
2021-07-07,0.8672566371681416,0.8692165330043183,0.8629792583280955,0.8717165546731827,0.16820555709100843
2021-07-08,0.8615676359039193,0.8673658235657001,0.8610936517913261,0.86682956627978,0.09369739262354634
2021-07-09,0.8457648546144123,0.8537939543491673,0.84098051539912,0.8515577275503969,0.17677772312091525
2021-07-12,0.8603034134007588,0.8692165330043183,0.8680075424261471,0.8711056811240075,0.36070227677583927
2021-07-13,0.8723135271807839,0.8834053053670575,0.8799497171590194,0.8882101405009162,0.3716559760911417
2021-07-14,0.8748419721871048,0.8877236273904997,0.8812067881835322,0.8906536346976177,0.24900197358005496
2021-07-15,0.8843236409608091,0.9037631091918571,0.8906348208673788,0.898594990836897,0.327534401624637
2021-07-16,0.8697850821744629,0.8803207896360273,0.8673790069138905,0.8772144166157607,0.24444844911308275
2021-07-19,0.8596713021491783,0.8605798889574339,0.8573224387177872,0.8588882101405011,0.27872902511662745
2021-07-20,0.8445006321112518,0.8470080197409006,0.8460087994971716,0.8527794746487479,0.2114342362673282
2021-07-21,0.8470290771175728,0.8408389882788402,0.8422375864236328,0.8411728772144166,0.3408144297588731
2021-07-22,0.8445006321112518,0.8525601480567552,0.8491514770584538,0.855222968845449,0.1522253209226916
2021-07-23,0.8476611883691532,0.8525601480567552,0.8460087994971716,0.8564447159437997,0.06984589807628784
2021-07-26,0.8438685208596713,0.8377544725478099,0.8428661219358894,0.8430054978619427,0.31081363020159286
2021-07-27,0.8280657395701644,0.8371375694016041,0.8302954116907606,0.8405620036652415,0.2702227746544341
2021-07-28,0.8230088495575221,0.810610734114744,0.818353236957888,0.8124618204031766,0.8231971235917422
2021-07-29,0.8198482932996207,0.8383713756940161,0.8246385920804523,0.8307880268784362,0.274823739551768
2021-07-30,0.8293299620733249,0.8328192473781618,0.8246385920804523,0.839951130116066,0.09049535883530138
2021-08-02,0.8343868520859672,0.8556446637877855,0.8422375864236328,0.8405620036652415,0.18180246940227704
2021-08-03,0.8463969658659923,0.8624305983960517,0.8478944060339406,0.8607208307880267,0.15163837518433404
2021-08-04,0.8552465233881165,0.8723010487353486,0.8585795097423005,0.8698839340256566,0.13682839897224502
2021-08-05,0.8628318584070797,0.8692165330043183,0.8604651162790695,0.8747709224190593,0.1424815720396891
2021-08-06,0.8584070796460178,0.8667489204194944,0.8548082966687617,0.8619425778863777,0.0919661242359914
2021-08-09,0.8495575221238937,0.8618136952498459,0.8491514770584538,0.8485033598045204,0.1229803141629048
2021-08-10,0.8527180783817951,0.8525601480567552,0.8485229415461972,0.8582773365913257,0.05443047361820934
2021-08-11,0.838811630847029,0.8470080197409006,0.8378378378378378,0.8472816127061699,0.08628168835869848
2021-08-12,0.8369152970922882,0.8439235040098704,0.8328095537397862,0.8460598656078192,0.045745953382143344
2021-08-13,0.8293299620733249,0.8278840222085134,0.8277812696417346,0.8344532681734883,0.19178493829761684
2021-08-16,0.8154235145385589,0.824182603331277,0.8139534883720929,0.826511912034209,0.27995835866556873
2021-08-17,0.8141592920353984,0.811844540407156,0.8108108108108107,0.8191814294441052,0.3490371754888713
2021-08-18,0.7914032869785081,0.8186304750154227,0.8038969201759897,0.7965791081246181,0.5679673995974263
2021-08-19,0.8027812895069533,0.7803824799506479,0.7982401005656818,0.7861942577886377,0.7189675549888194
2021-08-20,0.7737041719342603,0.7674275138803208,0.7768698931489629,0.7690897984117286,0.41034554997967815
2021-08-23,0.7743362831858408,0.811844540407156,0.7976115650534252,0.7929138668295664,0.14281508029013532
2021-08-24,0.8116308470290771,0.8167797655768045,0.8089252042740412,0.822846670739157,0.11726694432958942
2021-08-25,0.8109987357774969,0.8328192473781618,0.818353236957888,0.8295662797800857,0.17051721801820868
2021-08-26,0.8400758533501895,0.8445404071560766,0.8422375864236328,0.8442272449602932,0.17898325003559495
2021-08-27,0.8305941845764854,0.8587291795188157,0.8485229415461972,0.8454489920586438,0.4430379680631601
2021-08-30,0.8552465233881165,0.8753855644663788,0.8610936517913261,0.8698839340256566,0.5870218340827739
2021-08-31,0.8647281921618206,0.8858729179518815,0.8717787554996855,0.8656078191814295,0.44025705499005524
2021-09-01,0.8742098609355248,0.8938926588525602,0.8837209302325582,0.8894318875992672,0.5077295761243947
2021-09-02,0.8836915297092289,0.8803207896360273,0.8849780012570709,0.8875992669517411,0.1826157744965104
2021-09-03,0.8805309734513276,0.9049969154842691,0.893777498428661,0.8943188759926695,0.30538038606090173
2021-09-06,0.8963337547408345,0.9130166563849478,0.9113764927718415,0.9083689676237019,0.3853685851544337
2021-09-07,0.9077117572692796,0.9049969154842691,0.9025769956002514,0.9065363469761759,0.21819309923038577
2021-09-08,0.8944374209860936,0.889574336829118,0.8925204274041482,0.8882101405009162,0.18339389648411977
2021-09-09,0.867888748419722,0.8852560148056757,0.8799497171590194,0.8802687843616374,0.07000596046554801
2021-09-10,0.8811630847029076,0.905613818630475,0.893777498428661,0.8949297495418449,0.07009579408796644
2021-09-13,0.8957016434892541,0.8994447871684145,0.8906348208673788,0.9028711056811242,0.07512817449576609
2021-09-14,0.8957016434892541,0.9012954966070327,0.8950345694531738,0.9053145998778253,0.05191627004046796
2021-09-15,0.8887484197218712,0.89080814312153,0.8856065367693272,0.8937080024434944,0.32034061678024006
2021-09-16,0.8824273072060684,0.8827884022208513,0.8799497171590194,0.8857666463042151,0.20930400876136784
2021-09-17,0.8735777496839444,0.8877236273904997,0.880578252671276,0.8827122785583384,0.08862876325488467
2021-09-22,0.8356510745891277,0.8470080197409006,0.8372093023255812,0.8436163714111181,0.6625000566098709
2021-09-23,0.8470290771175728,0.8568784700801975,0.8485229415461972,0.8594990836896762,0.14319196230267056
2021-09-24,0.8571428571428573,0.877236273904997,0.8629792583280955,0.8729383017715332,0.15524194863238586
2021-09-27,0.870417193426043,0.8815545959284393,0.8717787554996855,0.8790470372632864,0.3106348751010881
2021-09-28,0.8628318584070797,0.8692165330043183,0.8592080452545567,0.8674404398289555,0.4740177456146682
2021-09-29,0.8331226295828067,0.8322023442319556,0.8284098051539912,0.8332315210751373,0.8309579379324009
2021-09-30,0.8255372945638434,0.8451573103022827,0.8309239472030168,0.8301771533292608,0.43811987682131615
2021-10-01,0.8255372945638434,0.8069093152375076,0.8208673790069139,0.8112400733048261,0.7524785413920493
2021-10-04,0.8053097345132743,0.7970388648982111,0.8020113136392206,0.8014660965180208,0.6239053828205878
2021-10-05,0.7711757269279393,0.7945712523133868,0.7793840351979886,0.7776420281001833,0.7256622255217928
2021-10-06,0.7964601769911505,0.7951881554595929,0.7919547454431174,0.7910812461820403,0.5811034223750146
2021-10-07,0.7970922882427309,0.824182603331277,0.8120678818353235,0.8149053145998777,0.35137559661652107
2021-10-08,0.8173198482932997,0.8099938309685378,0.8126964173475801,0.8149053145998777,0.19461259108224765
2021-10-12,0.7800252844500631,0.7933374460209747,0.781269641734758,0.7861942577886377,0.2853792586116335
2021-10-13,0.7888748419721873,0.7877853177051204,0.7869264613450658,0.7929138668295664,0.13222808739159525
2021-10-14,0.7901390644753478,0.7921036397285627,0.7881835323695786,0.7971899816737936,0.07199636154094836
2021-10-15,0.8046776232616942,0.8352868599629859,0.8214959145191701,0.8191814294441052,0.35060293757813626
2021-10-18,0.8305941845764854,0.8303516347933374,0.8284098051539912,0.8350641417226634,0.12858645061078527
2021-10-19,0.8242730720606826,0.8439235040098704,0.8328095537397862,0.8405620036652415,0.21653844442166206
2021-10-20,0.8350189633375477,0.8396051819864281,0.8334380892520428,0.8454489920586438,0.3796428393928339
2021-10-21,0.8305941845764854,0.8334361505243677,0.8397234443746072,0.8411728772144166,0.3429600548323655
2021-10-22,0.824905183312263,0.8383713756940161,0.8265241986172217,0.8356750152718389,0.1250267687784539
2021-10-25,0.8217446270543616,0.8371375694016041,0.8258956631049652,0.8301771533292608,0.18410220085409387
2021-10-26,0.8299620733249053,0.8513263417643432,0.8390949088623506,0.8472816127061699,0.27544419623130834
2021-10-27,0.8337547408343867,0.8513263417643432,0.8365807668133249,0.8485033598045204,0.1858790451212676
2021-10-28,0.8400758533501895,0.8463911165946948,0.8378378378378378,0.8472816127061699,0.10617985139287421
2021-10-29,0.8350189633375477,0.8297347316471316,0.8302954116907606,0.8320097739767868,0.11994007145493953
2021-11-01,0.8242730720606826,0.8383713756940161,0.8265241986172217,0.8423946243127671,0.0662894050799147
2021-11-02,0.8318584070796462,0.8352868599629859,0.8378378378378378,0.841783750763592,0.09408026971908376
2021-11-03,0.8268015170670039,0.8396051819864281,0.829666876178504,0.8448381185094687,0.04631802714167948
2021-11-04,0.8375474083438685,0.8340530536705738,0.8359522313010684,0.841783750763592,0.053420826233537236
2021-11-05,0.8356510745891277,0.8581122763726095,0.8447517284726584,0.8497251069028713,0.2992073077809897
2021-11-08,0.8495575221238937,0.8716841455891424,0.8573224387177872,0.86682956627978,0.19389405260756873
2021-11-09,0.8742098609355248,0.8901912399753238,0.8824638592080449,0.8900427611484423,0.340284535385873
2021-11-10,0.8805309734513276,0.8877236273904997,0.8755499685732243,0.8888210140500917,0.13697427800306236
2021-11-11,0.8609355246523388,0.8723010487353486,0.8642363293526083,0.8741600488698842,0.10831497976564186
2021-11-12,0.8710493046776234,0.8778531770512029,0.8774355751099937,0.8827122785583384,0.1449609917598912
2021-11-15,0.8792667509481671,0.893275755706354,0.8830923947203015,0.8955406230910203,0.17081555625216488
2021-11-16,0.8843236409608091,0.8963602714373843,0.8856065367693272,0.898594990836897,0.14964001173747088
2021-11-17,0.8887484197218712,0.9019123997532389,0.8887492143306094,0.9028711056811242,0.7570363142024862
2021-11-18,0.8944374209860936,0.9117828500925353,0.8994343180389692,0.9089798411728773,0.157189001530959
2021-11-19,0.9165613147914033,0.916101172115978,0.912005028284098,0.9211973121563838,0.15864724225184273
2021-11-22,0.9064475347661187,0.9117828500925353,0.9038340666247643,0.9181429444105071,0.09063036988159534
2021-11-23,0.897597977243995,0.8951264651449722,0.8925204274041482,0.9016493585827736,0.11307509292455012
2021-11-24,0.8862199747155499,0.8877236273904997,0.8818353236957888,0.8906536346976177,0.07115848150528953
2021-11-25,0.8786346396965866,0.8871067242442936,0.8786926461345066,0.8888210140500917,0.05392925972863841
2021-11-26,0.8666245259165615,0.8587291795188157,0.8654934003771211,0.8637751985339034,0.3273459491149183
2021-11-29,0.8419721871049305,0.8587291795188157,0.852294154619736,0.8582773365913257,0.2971687141875331
2021-11-30,0.8571428571428573,0.8568784700801975,0.8623507228158389,0.8625534514355528,0.270879538010427
2021-12-01,0.8482932996207332,0.8852560148056757,0.8736643620364549,0.8649969456322544,0.10088871672110078
2021-12-02,0.8735777496839444,0.9037631091918571,0.8918918918918917,0.8851557727550396,0.23747581077622912
2021-12-03,0.8969658659924146,0.9031462060456509,0.8944060339409176,0.9022602321319487,0.12023655108821375
2021-12-06,0.8811630847029076,0.8982109808760025,0.8912633563796354,0.8888210140500917,0.09495843960028014
2021-12-07,0.8893805309734513,0.9037631091918571,0.8900062853551226,0.8930971288943189,0.06945497035005134
2021-12-08,0.911504424778761,0.9105490438001234,0.9126335637963543,0.9169211973121566,0.2979582593003455
2021-12-09,0.9032869785082174,0.9062307217766812,0.900691389063482,0.9095907147220524,0.1130122842802901
2021-12-10,0.895069532237674,0.905613818630475,0.893777498428661,0.9053145998778253,0.07793884997170256
2021-12-13,0.900126422250316,0.9000616903146207,0.898177247014456,0.9071472205253513,0.1153121279899221
2021-12-14,0.8767383059418458,0.8827884022208513,0.8761785040854806,0.8882101405009162,0.12104684624498586
2021-12-15,0.8735777496839444,0.8852560148056757,0.8749214330609677,0.8851557727550396,0.2622188993353592
2021-12-16,0.8893805309734513,0.9068476249228873,0.8931489629164048,0.9028711056811242,0.14318531687801475
2021-12-17,0.8919089759797727,0.9049969154842691,0.8925204274041482,0.9034819792302993,0.12126080468232155
2021-12-20,0.895069532237674,0.889574336829118,0.8906348208673788,0.8924862553451438,0.1092362687463218
2021-12-21,0.8811630847029076,0.9043800123380629,0.8918918918918917,0.897373243738546,0.16986650408910733
2021-12-22,0.8969658659924146,0.9043800123380629,0.8925204274041482,0.9089798411728773,0.0978613366563995
2021-12-23,0.9070796460176992,0.9142504626773598,0.9076052796983027,0.9163103237629812,0.38046442498845146
2021-12-24,0.9102402022756005,0.9191856878470083,0.9126335637963543,0.9248625534514355,0.3452133571658341
2021-12-27,0.9127686472819215,0.9327575570635411,0.9208045254556881,0.9266951740989615,0.1764583303982179
2021-12-28,0.926675094816688,0.9469463294262803,0.9340037712130735,0.9413561392791694,0.6388915907123645
2021-12-29,0.9412136536030341,0.9549660703269586,0.944688874921433,0.9505192425167992,0.639655656276163
2021-12-30,0.9475347661188368,0.9494139420111043,0.9428032683846636,0.954184483811851,0.1667364749625399
2022-01-03,0.9481668773704173,0.9605181986428132,0.9597737272155875,0.9621258399511302,0.18648968836540697
2022-01-04,0.9696586599241466,1.0,0.9880578252671274,0.9828955406230909,0.28018792212922566
2022-01-05,1.0,0.9962985811227639,1.0,1.0,0.3294311556836042
2022-01-06,0.9772439949431102,0.9790252930289945,0.977372721558768,0.9743433109346366,0.2474004696734499
2022-01-07,0.9772439949431102,0.9629858112276373,0.9805153991200501,0.9682345754428834,0.1984673683653584
2022-01-10,0.9481668773704173,0.9747069710055524,0.9654305468258957,0.9547953573610264,0.44652102620155676
2022-01-11,0.9683944374209861,0.983960518198643,0.9742300439974857,0.9706780696395846,0.5079401632572388
